Index,product,category,sale_price,market_price,type,rating,discount_amount,discount_percentage,rating_bucket,price_segment
1,Pro Garlic Oil - Vegetarian Capsule 500 mg Model,Beauty & Hygiene,220,220,Hair Oil & Serum,4.1,0,0,Very Good,Medium
2,Fusion Water Bottle - Orange Premium Pack,"Kitchen, Garden & Pets",180,180,Water & Fridge Bottles,2.3,0,0,Average,Medium
3,Amul Butter 100g (Carton),Groceries,58,60,Dairy & Bakery,3.6,2,3.33,Good,Low
4,Amul Butter 500g (Carton),Groceries,285,295,Dairy & Bakery,3.6,10,3.39,Good,Medium
5,"Essential Brass Angle Deep - Plain, No.2 Set",Cleaning & Household,119,250,Lamp & Lamp Oil,3.4,131,52.4,Good,Low
6,Signature Cereal Flip Lid Container/Storage Jar - Assorted Colour Premium Pack,Cleaning & Household,149,176,"Laundry, Storage Baskets",3.7,27,15.34,Good,Low
7,Essential Creme Soft Soap - For Hands & Body Bundle,Beauty & Hygiene,162,162,Bathing Bars & Soaps,4.4,0,0,Very Good,Medium
8,Fusion Germ - Removal Multipurpose Wipes Range,Cleaning & Household,169,199,Disinfectant Spray & Cleaners,3.3,30,15.08,Good,Medium
9,"VLITE Food Wrapping Butter Paper Roll- (Medium Roll, 280mm x 40mtr)",Groceries,139,430,Food Wrappers,3.3,291,67.67,Good,Low
10,Signature Multani Mati Edition,Beauty & Hygiene,58,58,Face Care,3.6,0,0,Good,Low
11,Home One Aluminum Foil 9 m,Groceries,65,150,Food Wrappers,3.5,85,56.67,Good,Low
12,Pink Delight Pure & Natural Jaggery | Organic Gur| Purest Form Of Gur| Brown Gur| 900g,Groceries,249,400,Cooking Essentials,3.6,151,37.75,Good,Medium
13,Fusion Hand Sanitizer - 70% Alcohol Base Range,Beauty & Hygiene,250,250,Hand Wash & Sanitizers,4,0,0,Very Good,Medium
14,Max Biotin & Collagen Volumizing Hair Shampoo + Biotin & Collagen Hair Conditioner Set,Beauty & Hygiene,1098,1098,Shampoo & Conditioner,3.5,0,0,Good,High
15,"Signature Scrub Pad - Anti- Bacterial, Regular Premium Pack",Cleaning & Household,20,20,"Utensil Scrub-Pad, Glove",4.3,0,0,Very Good,Low
16,Good Life Popcorn Maize 500 g,Groceries,81,95,Millets And Grains,3.7,14,14.74,Good,Low
17,Essential Wheat Grass Powder - Raw Selection,Gourmet & World Food,261,290,Flours & Pre-Mixes,4,29,10,Very Good,Medium
18,Pro Butter Cookies Gold Collection Line,Gourmet & World Food,600,600,"Luxury Chocolates, Gifts",2.2,0,0,Average,High
19,"Expert Face Wash - Oil Control, Active Edition",Beauty & Hygiene,110,110,Face Care,5,0,0,Excellent,Low
20,Advanced Mold & Mildew Remover with Bleach Model,Cleaning & Household,350,350,Floor & Other Cleaners,3.8,0,0,Good,Medium
21,Good Life Popcorn Jawar 1kg,Groceries,73,80,Millets And Grains,3.8,7,8.75,Good,Low
22,Knorr Sweet Corn Veg Instant Cup-a-Soup 9.5 g,Groceries,10,10,Instant Food Products,3.6,0,0,Good,Low
23,Expert Just Spray - Mosquito Repellent Room Spray Selection,Cleaning & Household,200,200,Mosquito Repellent,4.2,0,0,Very Good,Medium
24,Fusion Dove Plastic Soap Case - Assorted Colour Set,Cleaning & Household,49,59,Soap Cases & Dispensers,4,10,16.95,Very Good,Low
25,New Generation Smooth Skin Oil - For Dry Skin Edition,Beauty & Hygiene,324,360,Aromatherapy,5,36,10,Excellent,Medium
26,Signature Salted Pumpkin Edition,Gourmet & World Food,180,180,Roasted Seeds & Nuts,4.9,0,0,Excellent,Medium
27,Act II Golden Sizzle Instant Popcorn 30g,Groceries,10,10,Instant Food Products,4.3,0,0,Very Good,Low
28,Ultimate Flax Seeds - Roasted Premium Pack,Gourmet & World Food,120,120,Roasted Seeds & Nuts,4.3,0,0,Very Good,Low
29,Artisan Organic Tofu - Soy Paneer Style,Gourmet & World Food,85.14,90,Tofu,3.9,4.86,5.4,Good,Low
30,Signature Ceramic Barrel Brush - Colour May Vary Collection,Beauty & Hygiene,525,700,Tools & Accessories,4.2,175,25,Very Good,High
31,Artisan Instant Noodles - Chicken Satay Flavor Line,Gourmet & World Food,45,50,Imported Noodles,4.1,5,10,Very Good,Low
32,Ultimate Chia Seeds Edition,"Foodgrains, Oil & Masala",120,120,Other Dry Fruits,3.9,0,0,Good,Low
33,New Generation Cleanse Green Tea - Whole Leaf Loose Tea Style,Gourmet & World Food,75,75,Gourmet Tea & Tea Bags,3.9,0,0,Good,Low
34,Max Veggie Cutter Model,"Kitchen, Garden & Pets",195,195,Choppers & Graters,5,0,0,Excellent,Medium
35,Milky Mist Paneer 200g (Pack),Groceries,69,125,Dairy & Bakery,3.6,56,44.8,Good,Low
36,Amul Cheese Cubes 1kg (Carton),Groceries,567,610,Dairy & Bakery,3.8,43,7.05,Good,High
37,Expert Insulated Hot Fresh Casserole For Roti/Chapati - White Selection,"Kitchen, Garden & Pets",659,895,Casserole,3.3,236,26.37,Good,High
38,New Generation Granola - Happy Berries Model,Snacks & Branded Foods,245,265,Granola & Cereal Bars,3.5,20,7.55,Good,Medium
39,Advanced Flaxseed - Pesticide Free Line,"Foodgrains, Oil & Masala",53.9,55,Other Dry Fruits,4,1.1,2,Very Good,Low
40,Ching's Secret Schezwan Chutney 600 g,Groceries,125,180,Pickles & Chutneys,3.6,55,30.56,Good,Low
41,Ultimate Paratha Puff Series,Snacks & Branded Foods,90,110,Frozen Veg Snacks,4.3,20,18.18,Very Good,Low
42,Ultimate Lip Butter - Rose Set,Beauty & Hygiene,169.15,199,Lip Care,1.5,29.85,15,Poor,Medium
43,Ultimate Fruit Power - Masala Sugarcane Series,Beverages,19,20,Juices,2.9,1,5,Average,Low
44,Expert Chocobakes Choc Filled Cookies Style,"Bakery, Cakes & Dairy",102,120,"Bakery Biscuits, Cookies",4.2,18,15,Very Good,Low
45,Pro Amber - Deodorant Body Spray Bundle,Beauty & Hygiene,211.65,249,Men'S Deodorants,3.4,37.35,15,Good,Medium
46,Max Green Tea - Tulsi Loose Leaf Bundle,Beverages,225,225,Green Tea,3.7,0,0,Good,Medium
47,Expert Pet Solitaire Container Set - Silver Premium Pack,"Kitchen, Garden & Pets",499,969,Containers Sets,3.9,470,48.5,Good,Medium
48,Max Dhania - Dal Style,"Foodgrains, Oil & Masala",98,120,Whole Spices,4.1,22,18.33,Very Good,Low
49,Fusion Pudina Chutney Masala Range,"Foodgrains, Oil & Masala",46.75,55,Blended Masalas,3.9,8.25,15,Good,Low
50,Pro Bodylicious Deodorant Spray - Mate (For Men) Bundle,Beauty & Hygiene,136.5,195,Men'S Deodorants,4.1,58.5,30,Very Good,Low
51,"Advanced Sport Deo Spray - Fresh, for Men Edition",Beauty & Hygiene,112.75,205,Men'S Deodorants,3.7,92.25,45,Good,Low
52,Max Choco Deck - Mini Delights Model,Snacks & Branded Foods,160,200,Chocolates,4.4,40,20,Very Good,Medium
53,Essential Eau De Toilette - Homme Green Bundle,Beauty & Hygiene,427.5,450,Eau De Toilette,4.3,22.5,5,Very Good,Medium
54,Advanced Lemon & Tea Tree Oil Soap Model,Beauty & Hygiene,360,360,Bathing Bars & Soaps,4.2,0,0,Very Good,Medium
55,Pro Flavoured Cream Wafer Roll - Strawberry Premium Pack,Gourmet & World Food,275,275,"Cookies, Biscotti, Wafer",4.3,0,0,Very Good,Medium
56,Pro Storage/Lunch Steel Container with PP Lid - Red Set,"Kitchen, Garden & Pets",109,299,Steel Lunch Boxes,2.6,190,63.55,Average,Low
57,Signature Plain Green Olives Premium Pack,Gourmet & World Food,179,179,"Olive, Jalapeno, Gherkin",5,0,0,Excellent,Medium
58,Elite Quinoa - Organic Set,"Foodgrains, Oil & Masala",250,250,"Organic Rice, Other Rice",3.9,0,0,Good,Medium
59,Elite After Shave Splash - Arctic Ice Series,Beauty & Hygiene,459.62,469,Shaving Care,3.9,9.38,2,Good,Medium
60,Pro Colour Catcher Sheets Edition,Cleaning & Household,799,799,Imported Cleaners,4,0,0,Very Good,High
61,Del Monte Ketchup 1kg,Groceries,80,160,Ketchups & Spreads,3.7,80,50,Good,Low
62,Wingreens Farms Premium Vey Mayo 800 g,Groceries,125,250,Ketchups & Spreads,3.9,125,50,Good,Low
63,Expert Sauce - Sweet & Sour Set,Gourmet & World Food,245,245,Thai & Asian Sauces,3.7,0,0,Good,Medium
64,Fusion Super Hot and Sweet Mango Chutney Line,Snacks & Branded Foods,100,125,Chutney Powder,3,25,20,Good,Low
65,Advanced Pani Puri Mix Paste Collection,"Foodgrains, Oil & Masala",48.95,55,Cooking Pastes,4.1,6.05,11,Very Good,Low
66,Pro Peach Syrup Edition,Gourmet & World Food,850,850,Gourmet Juices & Drinks,4.2,0,0,Very Good,High
67,Pro Acne & Oil Control Face Wash Style,Beauty & Hygiene,80,100,Face & Body,4,20,20,Very Good,Low
68,Lotus Spices Green Elaichi 10 g,Groceries,38,40,Masalas & Spices,3.6,2,5,Good,Low
69,Fusion Choco Deck - French Dessert Inspired Layered Bar Series,Snacks & Branded Foods,56,70,Chocolates,4,14,20,Very Good,Low
70,Expert Extra Fine Green Peas Selection,Gourmet & World Food,202.5,225,Beans & Pulses,4.5,22.5,10,Excellent,Medium
71,New Generation Soothing Cucumber Facial Scrub With Apricot Seeds Edition,Beauty & Hygiene,299.4,499,Face Care,3.7,199.6,40,Good,Medium
72,Essential Foochka Premium Pack,Snacks & Branded Foods,60,60,"Papads, Ready To Fry",3.9,0,0,Good,Low
73,Expert Argan-Liquid Gold Hair Spa Model,Beauty & Hygiene,199.5,210,Hair & Scalp Treatment,4.4,10.5,5,Very Good,Medium
74,"Expert Baby Bed Protector - Sublimation Print, Pink Bundle",Baby Care,199,199,Baby Health,3.7,0,0,Good,Medium
75,Essential Corporate Planner Diary With Premium PU Leather Cover With Card Holder Range,Cleaning & Household,399,399,"Notebooks, Files, Folders",3.9,0,0,Good,Medium
76,Kellogg's Chocos Variety Pack 153 g (Pack of 7),Groceries,55,70,Breakfast Cereals,3.7,15,21.43,Good,Low
77,"Artisan Atta Chalan - Stainless Steel, Size- No.8 Selection","Kitchen, Garden & Pets",149,179,Kitchen Tools & Other Accessories,3.5,30,16.76,Good,Low
78,Expert Dog Supplement - Absolute Skin + Coat Tablet Bundle,"Kitchen, Garden & Pets",348.6,498,Pet Meals & Treats,4,149.4,30,Very Good,Medium
79,"Fusion Peanut Butter - Creamy, Super Collection",Gourmet & World Food,209.4,349,"Chocolate, Peanut Spread",4.3,139.6,40,Very Good,Medium
80,Advanced Sugar Free Petit Beurre - The Taste of France Bundle,Snacks & Branded Foods,35,35,"Marie, Health, Digestive",4,0,0,Very Good,Low
81,Artisan Aqua Halo Rejuvenating Conditioner Series,Beauty & Hygiene,168.75,225,Shampoo & Conditioner,1,56.25,25,Poor,Medium
82,Advanced Ayurvedic Anti-Tan Face Pack Style,Beauty & Hygiene,269.4,449,Face Care,3.9,179.6,40,Good,Medium
83,"Kellogg's Fruit, Nut & Seeds Muesli 750 g",Groceries,336,499,Breakfast Cereals,3.7,163,32.67,Good,Medium
84,Mohan Impex Cocoa Powder 500 gm [HoReCa Pack],Groceries,440,649,Baking,3.6,209,32.2,Good,Medium
85,Good Life Chilli Powder 100g,Groceries,25,50,Masalas & Spices,3.6,25,50,Good,Low
86,Pro Dog Supplement - Absolute Calcium Tablet Style,"Kitchen, Garden & Pets",339.15,399,Pet Meals & Treats,3.9,59.85,15,Good,Medium
87,Essential Battery Power Kids Toothbrush - Barbie Model,Beauty & Hygiene,374.25,499,Electric Toothbrush,4,124.75,25,Very Good,Medium
88,Advanced Organic Carom Seeds/Ajwain/Om Kalu Series,"Foodgrains, Oil & Masala",72,72,Whole Spices,3.9,0,0,Good,Low
89,"Pro Padded Harness - 3/4 inch, Grey Colour Line","Kitchen, Garden & Pets",840,840,Pet Collars & Leashes,3.9,0,0,Good,High
90,"Fusion Kids Motu Patlu Toothpaste - 2-5 Years, Bubble Fruit Flavour Collection",Beauty & Hygiene,43,43,Toothpaste,4,0,0,Very Good,Low
91,Ultimate Pure & Gentle Face Wash Series,Beauty & Hygiene,120,150,Face Care,4.3,30,20,Very Good,Low
92,Advanced Sesame Seed Oil Collection,Beauty & Hygiene,210,300,Aromatherapy,3.5,90,30,Good,Medium
93,Advanced Til Dil Seeds Selection,Gourmet & World Food,70,70,Roasted Seeds & Nuts,3.6,0,0,Good,Low
94,"Pro Penta Plastic Pet Water Bottle - Green, Wide Mouth Premium Pack","Kitchen, Garden & Pets",75,126,Water & Fridge Bottles,3.9,51,40.48,Good,Low
95,Essential Acne Pimple Kit For Acne & Pimple Removal Collection,Beauty & Hygiene,500,500,Face Care,3,0,0,Good,High
96,"Expert Disposable Bamboo Wood Skewer/Picker Sticks- For Barbeque, 12 Inch Set","Kitchen, Garden & Pets",135,299,Kitchen Tools & Other Accessories,4.3,164,54.85,Very Good,Low
97,Fusion & Moms Bathing Soap - Jasmine Collection,Beauty & Hygiene,108,120,Bathing Bars & Soaps,4.6,12,10,Excellent,Low
98,Aashirvaad Select Sharbatti Wheat Atta 5 kg,Groceries,299,361,Flours & Pre-Mixes,3.7,62,17.17,Good,Medium
99,Elite Amla Chatpata Dry Fruit Collection,Gourmet & World Food,49,65,Dry Fruits & Berries,3.9,16,24.62,Good,Low
100,"Advanced Toothbrush Superhero Assorted, Batman/Spiderman Collection",Beauty & Hygiene,49,79,Toothbrush,3.9,30,37.97,Good,Low
101,Ultimate Chips - Topica Set,Snacks & Branded Foods,65,65,Chips & Corn Snacks,3.9,0,0,Good,Low
102,Pro Cup a Soup - Croutons Cream of Asparagus Selection,Gourmet & World Food,269.1,299,Imported Soups,3.9,29.9,10,Good,Medium
103,India Gate Regular Choice Basmati Rice 5 kg,Groceries,429,515,Rice,3.6,86,16.7,Good,Medium
104,Britannia Toastea Premium Bake Rusk 182 g,Groceries,30,35,Snacks,3.6,5,14.29,Good,Low
105,Fusion Organic Dal - Masoor Collection,"Foodgrains, Oil & Masala",96,96,Organic Dals & Pulses,3.9,0,0,Good,Low
106,Max Strawberry Ice Cream Line,Gourmet & World Food,225,225,Gourmet Ice Cream,3.9,0,0,Good,Medium
107,Advanced Exo Dishwash Bar- Round 700 gm Box + Pril Dishwash Liquid- Active 2X Lime 225 ml Model,Cleaning & Household,95,114,Dishwash Bars & Powders,3.9,19,16.67,Good,Low
108,Advanced Jupiter Water/Juice Glass Tumbler Premium Pack,"Kitchen, Garden & Pets",479,629,Glassware,3.9,150,23.85,Good,Medium
109,"Ultimate Cheese - Feta Greek, Block Edition",Gourmet & World Food,695.7,773,International Cheese,3.9,77.3,10,Good,High
110,Advanced Avida 3-in-1 Semi Economy Pouch -  FG01248 Edition,Cleaning & Household,31.5,35,"Agarbatti, Incense Sticks",4.6,3.5,10,Excellent,Low
111,Essential Bathing Soap - Sandal & Turmeric Selection,Beauty & Hygiene,254.15,299,Bathing Bars & Soaps,4.2,44.85,15,Very Good,Medium
112,New Generation Sweet Corn Kernels - Chipotle Collection,Fruits & Vegetables,55,55,Cut & Peeled Veggies,3.9,0,0,Good,Low
113,Brooke Bond Taj Mahal Tea 500g,Groceries,394,470,Tea & Coffee,3.7,76,16.17,Good,Medium
114,Tata Gold Tea 250g,Groceries,148,160,Tea & Coffee,3.7,12,7.5,Good,Low
115,Signature Ashwagandha Tablets Set,Beauty & Hygiene,120,120,Ayurveda,3.9,0,0,Good,Low
116,Ultimate Hard Anodised Ezee-Pour Saucepan With Lid - L88 Model,"Kitchen, Garden & Pets",864.5,910,Tawa & Sauce Pan,4.6,45.5,5,Excellent,High
117,Artisan Topp Up Milk - Elaichi Range,"Bakery, Cakes & Dairy",80.01,90,"Flavoured, Soya Milk",5,9.99,11.1,Excellent,Low
118,Pro Namkeen - Madras Mixture Selection,Snacks & Branded Foods,10,10,Namkeen & Savoury Snacks,4.1,0,0,Very Good,Low
119,"Signature Stainless Steel Storage Lunch Container - Flat, Carry Snack Pack Premium Pack","Kitchen, Garden & Pets",129,249,Steel Storage Containers,1.5,120,48.19,Poor,Low
120,Pro Oceans Deodorant for Men - Long Lasting & Fresh Aquatic Fragrance Collection,Beauty & Hygiene,179.4,299,Men'S Deodorants,4,119.6,40,Very Good,Medium
121,Ultimate Hair Remover Spray - Foam Lemon Style,Beauty & Hygiene,1200,1200,Hair Removal,3.9,0,0,Good,High
122,Lotte Choco Pie 28 g (12 pcs),Groceries,105,170,Chocolates & Candies,3.7,65,38.24,Good,Low
123,Pro Mr. Magic Powder-To-Liquid Germ Protection Handwash Empty Bottle + Refill Premium Pack,Beauty & Hygiene,32.55,35,Hand Wash & Sanitizers,4.4,2.45,7,Very Good,Low
124,Max Frankincense Oil Edition,Beauty & Hygiene,258.75,345,Aromatherapy,3.7,86.25,25,Good,Medium
125,"Artisan Wonder Diaper Pants - Xtra Large, 12-17 Kg Bundle",Baby Care,1266.38,1398,Diapers,4,0,0,Very Good,High
126,Essential Samrakshana Vaastu Deepa Thailam Premium Pack,"Foodgrains, Oil & Masala",515,515,Other Edible Oils,3.9,0,0,Good,High
127,Pro Quinoa - Organic Black Collection,Gourmet & World Food,495,495,Quinoa & Grains,3.9,0,0,Good,Medium
128,Cadbury Celebrations 144.1 g,Groceries,108,145,Chocolates & Candies,3.6,37,25.52,Good,Low
129,Artisan Fructis Serum - Long & Strong Collection,Beauty & Hygiene,230,230,Shampoo & Conditioner,4.8,0,0,Excellent,Medium
130,Ultimate Citrus Blast Orange Lemon Soap Free Body Wash Style,Beauty & Hygiene,225,250,Shower Gel & Body Wash,3.7,25,10,Good,Medium
131,Max Veda Marie Light Biscuits Range,Snacks & Branded Foods,30,30,"Marie, Health, Digestive",4.4,0,0,Very Good,Low
132,"Advanced 2 Fold Umbrella - Auto-Open & Manual Close, Dark Violet Collection","Kitchen, Garden & Pets",289,749,Umbrella,3.6,460,61.42,Good,Medium
133,Ultimate Aamras Mango Fruit Juice Model,Beverages,243,360,Juices,3.9,117,32.5,Good,Medium
134,Essential Henna & Ginseng Anti Hair Loss Shampoo Set,Beauty & Hygiene,137.75,145,Shampoo & Conditioner,3.6,7.25,5,Good,Low
135,"Ultimate Sandwich Toaster - Non-Stick, Gas Line","Kitchen, Garden & Pets",249,315,Kadai & Fry Pans,3.3,66,20.95,Good,Medium
136,"Advanced Baby Cereal - Ragi Almond & Banana, 6-8 Months, No Preservatives, No Artificial Colours Range",Baby Care,349,349,Baby Food,4,0,0,Very Good,Medium
137,Fusion Incense Sticks - Sandal Bundle,Cleaning & Household,60,60,"Agarbatti, Incense Sticks",4.6,0,0,Excellent,Low
138,Elite SPF 15 Sunscreen Lotion Collection,Beauty & Hygiene,209.3,299,Body Care,5,89.7,30,Excellent,Medium
139,Pro Fenugreek Edition,"Foodgrains, Oil & Masala",28.5,30,Organic Masalas & Spices,4.2,1.5,5,Very Good,Low
140,New Generation Caramel Popcorn - Himalayan Salt Collection,Gourmet & World Food,44.1,49,Gourmet Popcorn,3.9,4.9,10,Good,Low
141,Essential Cold Pressed Bhringraj Cooling Oil For Hair Fall & Damage Control Bundle,Beauty & Hygiene,182.75,215,Aromatherapy,4,32.25,15,Very Good,Medium
142,Advanced Sapota - Organically Grown Set,Fruits & Vegetables,35,43.75,Organic Fruits,3.9,8.75,20,Good,Low
143,Fusion Spiced Tea - Blend Of 7 Refreshing Spices Set,Beverages,150,150,Leaf & Dust Tea,4.3,0,0,Very Good,Medium
144,"Pro Steel Bowl/Vati/Katori - No. 4, Chutney Style","Kitchen, Garden & Pets",69,159,Bowls & Vessels,3.9,90,56.6,Good,Low
145,"Pro Adult Dry Cat Food - +1 Year, Ocean Fish Edition","Kitchen, Garden & Pets",999,999,Pet Meals & Treats,3.9,0,0,Good,High
146,Expert Millet Rusk - Sweet Line,"Bakery, Cakes & Dairy",100,100,Rusks,4.5,0,0,Excellent,Low
147,"New Generation Stainless Steel Kadai - Induction Bottom With Glass Lid,  26 cm Range","Kitchen, Garden & Pets",1099,1335,Kadai & Fry Pans,3.8,0,0,Good,High
148,"Artisan Power Pocket - Long Lasting Bathroom Fragrance, Berry Rush Line",Cleaning & Household,53.35,55,Air Freshener,4.2,1.65,3,Very Good,Low
149,Ultimate Cabbage - Red Model,Fruits & Vegetables,23,28.75,Cabbage & Cauliflower,3.9,5.75,20,Good,Low
150,Artisan Marvel Spiderman 2-In-1 Snackeez Bottle With Snack Box Line,"Kitchen, Garden & Pets",269,299,Lunch Boxes,3,30,10.03,Good,Medium
151,Signature Refined Oil - Rice Bran (Natural Oryzanol & Vitamin E) Premium Pack,"Foodgrains, Oil & Masala",183,185,"Sunflower, Rice Bran Oil",4.1,2,1.08,Very Good,Medium
152,Elite Premium Square Plastic Container - Green Edition,"Kitchen, Garden & Pets",179,280,Containers Sets,3.9,101,36.07,Good,Medium
153,Ultimate Instant Popcorn - Butter Delite Set,Snacks & Branded Foods,29.7,33,Chips & Corn Snacks,4.2,3.3,10,Very Good,Low
154,Pro Cherry Lip Balm 4.5 g + Deep Nourish Elbow & Foot Cream 50 g Collection,Beauty & Hygiene,455,525,Lip Care,3.9,70,13.33,Good,Medium
155,Advanced Nutrition Plus Health Supplement - Joint Support Model,Beauty & Hygiene,1299,1299,Supplements & Proteins,3.9,0,0,Good,High
156,Expert Glass Belleza Bowl - Wine Selection,"Kitchen, Garden & Pets",299,398,Glassware,3.9,99,24.87,Good,Medium
157,Ultimate Dark Fantasy - Choco Fills Biscuits - Cookies Range,Snacks & Branded Foods,23.76,30,Cream Biscuits & Wafers,4.3,6.24,20.8,Very Good,Low
158,Fusion Banana - Red Set,Fruits & Vegetables,39,48.75,"Banana, Sapota & Papaya",3.9,9.75,20,Good,Low
159,"Artisan Chilli - Bajji, Mild Premium Pack",Fruits & Vegetables,14,17.5,"Lemon, Ginger & Garlic",3.9,3.5,20,Good,Low
160,Signature I Love You Fruit N Nut Chocolate Range,Snacks & Branded Foods,90,100,Chocolates,4.2,10,10,Very Good,Low
161,Pro Pitted Green Olives Premium Pack,Gourmet & World Food,230,230,"Olive, Jalapeno, Gherkin",4.4,0,0,Very Good,Medium
162,Artisan Glass Mixing Bowl With Lid - Polo Bundle,"Kitchen, Garden & Pets",159,190,Glassware,3.7,31,16.32,Good,Medium
163,Max Cake Gel Edition,Gourmet & World Food,85.5,90,"Baking, Cake Decorations",3.9,4.5,5,Good,Low
164,Max Toffees - Excellence Assorted Series,Gourmet & World Food,250,250,International Chocolates,3.9,0,0,Good,Medium
165,Pro Organic Idly Podi - Ginger Series,Snacks & Branded Foods,75,75,Breakfast & Snack Mixes,3.9,0,0,Good,Low
166,Artisan Glass Water Bottle - Aquaria Organic Purple Edition,"Kitchen, Garden & Pets",369,425,Water & Fridge Bottles,4.8,56,13.18,Excellent,Medium
167,Expert Stainless Steel Pav Bhaji/Idli Oval Shaped Plate Series,"Kitchen, Garden & Pets",125,125,Plates & Tumblers,3.6,0,0,Good,Low
168,Max Organic Cow Ghee/Tuppa Collection,"Foodgrains, Oil & Masala",280,280,"Organic Edible Oil, Ghee",4.2,0,0,Very Good,Medium
169,Signature Dates/Kharjura - Deseeded Selection,"Foodgrains, Oil & Masala",66,66,Other Dry Fruits,4.1,0,0,Very Good,Low
170,Advanced Chutney - Sweet Mango Sliced (without Garlic) Series,Snacks & Branded Foods,90,90,Lime & Mango Pickle,3.9,0,0,Good,Low
171,Advanced Turmeric Powder/Arisina Pudi Collection,"Foodgrains, Oil & Masala",32,64,Powdered Spices,4.2,32,50,Very Good,Low
172,Pro Bread - Fruit Model,"Bakery, Cakes & Dairy",20,20,"Milk, White & Sandwich",3.9,0,0,Good,Low
173,Ultimate Bombay Street Food Spice Blend Selection,Gourmet & World Food,225,225,"Curry Paste, Coconut Milk",3.9,0,0,Good,Medium
174,Signature Ragi Flakes Premium Pack,Snacks & Branded Foods,225,225,Flakes,4.5,0,0,Excellent,Medium
175,Fusion Mustard Oil - Cold Pressed Style,Gourmet & World Food,250,250,Flavoured & Other Oils,3.7,0,0,Good,Medium
176,Artisan Juice/Water Glass - Long Drink Nord Model,"Kitchen, Garden & Pets",639,975,Glassware,3.3,336,34.46,Good,High
177,New Generation Glass Amaze Air Tight Jar - Pink Model,"Kitchen, Garden & Pets",289,358,Glassware,3.9,69,19.27,Good,Medium
178,"New Generation Finger Brush For Kids - Blue, Ultra Soft Collection",Beauty & Hygiene,120,120,Toothbrush,4.3,0,0,Very Good,Low
179,Elite Water/Juice Glass  - Jupiter Long Glass Series,"Kitchen, Garden & Pets",459,705,Glassware,3.5,246,34.89,Good,Medium
180,Ultimate Energy Bar - Choco Crunch Bundle,Gourmet & World Food,50,50,"Healthy, Baked Snacks",3.9,0,0,Good,Low
181,Pro Breeze - Razor Blades Range,Beauty & Hygiene,350,350,Hair Removal,4.3,0,0,Very Good,Medium
182,"Fusion Confeito Vermicelli Combo, Sprinkles Edition",Gourmet & World Food,247,260,"Baking, Cake Decorations",3.9,13,5,Good,Medium
183,Signature Olive Oil - Classic Selection,Gourmet & World Food,429.03,700,"Pure, Pomace Olive Oil",4.5,270.97,38.71,Excellent,Medium
184,"Fusion Octa Plastic Pet Water Bottle - Light Blue, Narrow Mouth Range","Kitchen, Garden & Pets",25,42,Water & Fridge Bottles,3.9,17,40.48,Good,Low
185,New Generation Chia Seeds Style,Gourmet & World Food,185,185,Quinoa & Grains,3.9,0,0,Good,Medium
186,Max Skin Cream Selection,Beauty & Hygiene,112.5,150,Face Care,3.1,37.5,25,Good,Low
187,Artisan One Touch Air Purifier Freshener - Floral Bouquet Refill Collection,Cleaning & Household,77,77,Air Freshener,4.2,0,0,Very Good,Low
188,Pro Water/Juice Glass Collection,"Kitchen, Garden & Pets",189,220,Glassware,3.7,31,14.09,Good,Medium
189,Pro Color Naturals Creme Riche Ultra Hair Color - Raspberry Red Model,Beauty & Hygiene,199,199,Hair Color,4.1,0,0,Very Good,Medium
190,Essential Nomarks - Antimarks Soap For Oily Skin Line,Beauty & Hygiene,40,40,Bathing Bars & Soaps,4.3,0,0,Very Good,Low
191,"Fusion Silver Needles Tulsi White Tea Bags - Rich In Antioxidants, Pure Tea Buds Series",Gourmet & World Food,450,450,Gourmet Tea & Tea Bags,3.9,0,0,Good,Medium
192,Advanced Baby Napkins - Mini Terry Style,Baby Care,179,179,Bibs & Napkins,4.3,0,0,Very Good,Medium
193,"Expert Printed Fabric Pencil Pouch - Purple, BB1263DPPL Style",Cleaning & Household,232,399,Exam Pads & Pencil Box,4,167,41.85,Very Good,Medium
194,Essential Snacks - Roasted Mixture Lime Line,Gourmet & World Food,79,109,"Healthy, Baked Snacks",3.9,30,27.52,Good,Low
195,Essential Organic Dosa Mix - Jowar Model,Snacks & Branded Foods,80,80,Breakfast & Snack Mixes,3.7,0,0,Good,Low
196,Signature Lunch Box/Tiffin Set - Green BB 570 2 Range,"Kitchen, Garden & Pets",509,565,Lunch Boxes,3.6,56,9.91,Good,High
197,Expert BCAA Energy Drink - Berry Flavour Line,Beverages,110,110,Sports & Energy Drinks,4,0,0,Very Good,Low
198,Expert Coffee Energizing Face Scrub Line,Beauty & Hygiene,142.5,190,Face Care,3,47.5,25,Good,Low
199,Max Pain Relief - Oil Bundle,Beauty & Hygiene,90,100,Hair Oil & Serum,4.4,10,10,Very Good,Low
200,Advanced Ultra Soft New Born Diapers - Extra Small Premium Pack,Baby Care,699,999,Diapers,3.9,300,30.03,Good,High
201,Signature Jungle Stimulating Facial Cleanser Style,Beauty & Hygiene,799,799,Face Care,3.9,0,0,Good,High
202,Signature Ylang Ylang Essential Oil Range,Beauty & Hygiene,328,450,Aromatherapy,4.5,122,27.11,Excellent,Medium
203,Pro Clear Glycerine Soap - Natural Toning (Tea Tree Oil & Honey) Bundle,Beauty & Hygiene,40,40,Bathing Bars & Soaps,4.3,0,0,Very Good,Low
204,Fusion Soap Model,Beauty & Hygiene,430,430,Bathing Bars & Soaps,5,0,0,Excellent,Medium
205,Advanced Yellow Balm Line,Beauty & Hygiene,195,195,Everyday Medicine,3.9,0,0,Good,Medium
206,"Ultimate LED Bulb - 12 Watt, Cool Daylight, B22 Base Edition","Kitchen, Garden & Pets",159,260,Cfl & Led Bulbs,4,101,38.85,Very Good,Medium
207,Expert Coriander Leaves 100 g + Garlic 250 g + Ginger 250 g + Chilli Green Long 250 g Premium Pack,Fruits & Vegetables,81.06,109.38,Indian & Exotic Herbs,3.9,28.32,25.89,Good,Low
208,Artisan Jaggery/Bella Powder - Pesticide Free Selection,"Foodgrains, Oil & Masala",56,70,Sugar & Jaggery,3.9,14,20,Good,Low
209,New Generation Ready Masala - Kashmiri Meat Range,"Foodgrains, Oil & Masala",19,20,Blended Masalas,4.2,1,5,Very Good,Low
210,"Fusion Water Saving Aerator, Switch Line",Cleaning & Household,509,509,"Kitchen, Glass & Drain",3.9,0,0,Good,High
211,Artisan Lemongrass Anti-Pigmentation Massage Cream Set,Beauty & Hygiene,148.5,165,Face Care,3.9,16.5,10,Good,Low
212,Signature Breakfast Mix - Finger Millet Ragi Idli Selection,Snacks & Branded Foods,119,149,Breakfast & Snack Mixes,4.2,30,20.13,Very Good,Low
213,Expert Herbal Wine Grapefruit Lip Balm Selection,Beauty & Hygiene,99,99,Lip Care,4.4,0,0,Very Good,Low
214,Artisan Masala Upma Bundle,Snacks & Branded Foods,20,20,Heat & Eat Ready Meals,3.4,0,0,Good,Low
215,Signature Maharishi Ayurveda Ayush Kwath Collection,Beauty & Hygiene,165,165,Ayurveda,3.9,0,0,Good,Medium
216,New Generation Svachh Nakshtra Steel Inner Lid Pressure Cooker (20257) Edition,"Kitchen, Garden & Pets",2369,2780,Pressure Cookers,3.9,0,0,Good,High
217,Ultimate Chicken Liver Gourmet Loaf With Pumpkin - Super Food Set,"Kitchen, Garden & Pets",150,150,Pet Meals & Treats,3.9,0,0,Good,Medium
218,Essential Bath & Body Oil - Oriental Spicy Rose Range,Beauty & Hygiene,699,699,Aromatherapy,2,0,0,Average,High
219,"Elite Specialist Skin Care Oil - Scars, Stretch Mark, Ageing, Uneven Skin Tone Selection",Beauty & Hygiene,333,450,Body Care,4.2,117,26,Very Good,Medium
220,Ultimate Brioche Edition,"Bakery, Cakes & Dairy",155,155,Gourmet Bread,4.4,0,0,Very Good,Medium
221,New Generation Onion - Rings Line,Gourmet & World Food,75,75,"Healthy, Baked Snacks",3.9,0,0,Good,Low
222,Artisan Cotton Mop With Telescopic Handle 150 Cm Premium Pack,Cleaning & Household,558,620,"Mops, Wipers",3.9,62,10,Good,High
223,Max Kale Selection,Fruits & Vegetables,10,12.5,Organic Vegetables,3.9,2.5,20,Good,Low
224,"Artisan Notebook - Unruled, Long Model",Cleaning & Household,33,33,"Notebooks, Files, Folders",4.3,0,0,Very Good,Low
225,Pro Instant Noodles - Soy & Vinegar Range,Gourmet & World Food,67.5,75,Imported Noodles,3.6,7.5,10,Good,Low
226,Expert Gluten-Free Quinoa Flour Style,Gourmet & World Food,378,378,Flours & Pre-Mixes,3.7,0,0,Good,Medium
227,"Essential Chikki, Peanut Bar Bundle",Snacks & Branded Foods,40,40,Chikki & Gajjak,4.1,0,0,Very Good,Low
228,Max 1001 Nights Concentrated Oriental Perfume Free From Alcohol For Unisex Set,Beauty & Hygiene,4900,5000,Attar,3.9,0,0,Good,High
229,Fusion Man - Indigo Body Mist Bundle,Beauty & Hygiene,278.4,348,Body Sprays & Mists,3.9,69.6,20,Good,Medium
230,Ultimate Fields Of Gold Organic Cumin - Whole Style,"Foodgrains, Oil & Masala",52,52,Organic Masalas & Spices,4.4,0,0,Very Good,Low
231,Advanced Body Massage Oil - Energising Premium Pack,Beauty & Hygiene,697.5,775,Aromatherapy,3.9,77.5,10,Good,High
232,Advanced Synthetic Food Colour Preparation Lemon Yellow Edition,Snacks & Branded Foods,20,20,Home Baking,4,0,0,Very Good,Low
233,"Elite Toothpaste - Gum Care, Expert Protection Selection",Beauty & Hygiene,78.4,98,Toothpaste,4.3,19.6,20,Very Good,Low
234,New Generation Bio Myristica Spot Correcting Anti Acne Face Pack Style,Beauty & Hygiene,149.25,199,Face Care,3.9,49.75,25,Good,Low
235,"Expert Stainless Steel Frying Ladle - No. 9, Silvera Collection","Kitchen, Garden & Pets",65,82,"Strainer, Ladle, Spatula",3.7,17,20.73,Good,Low
236,Artisan OvenOrg Multi Millet Rusk Set,"Bakery, Cakes & Dairy",35,35,Rusks,1.8,0,0,Poor,Low
237,Pro Mahabhringraj Tel - Hairfall Reduction & Dandruff Control Premium Pack,Beauty & Hygiene,295,295,Ayurveda,3.9,0,0,Good,Medium
238,Signature Masterchefs Germ Protection Liquid Handwash Refill Collection,Beauty & Hygiene,147,147,Hand Wash & Sanitizers,4.2,0,0,Very Good,Low
239,Fusion Black Naturals Hair Colour Shade 1-Deep Black 20 ml + 20 gm Set,Beauty & Hygiene,108.78,117,Hair Color,4.2,8.22,7.03,Very Good,Low
240,Advanced Apple Cider Vinegar - Raw Unfiltered Unpasteurized with Cinamon & Honey Line,Gourmet & World Food,449.1,499,Balsamic & Cider Vinegar,5,49.9,10,Excellent,Medium
241,"Pro Brinjal - Varikatri, Organically Grown Range",Fruits & Vegetables,10,12.5,Organic Vegetables,3.9,2.5,20,Good,Low
242,Pro Wonderz Milk Shakes - Classic Vanilla Style,"Bakery, Cakes & Dairy",29.75,35,"Flavoured, Soya Milk",4.5,5.25,15,Excellent,Low
243,Max Marie Light Biscuits - Oats Fibre Line,Snacks & Branded Foods,25,25,"Marie, Health, Digestive",4.3,0,0,Very Good,Low
244,Pro Masala - Chicken Range,"Foodgrains, Oil & Masala",28,28,Blended Masalas,4.8,0,0,Excellent,Low
245,Ultimate Dark Chocolate- 55% Rich In Cocoa Line,Snacks & Branded Foods,87.12,100,Chocolates,4.3,12.88,12.88,Very Good,Low
246,Fusion Gentle Baby Wipes Range,Baby Care,699,699,Baby Wipes,4.1,0,0,Very Good,High
247,Ultimate Avocado Style,Fruits & Vegetables,105,131.25,Exotic Fruits,3.9,26.25,20,Good,Low
248,New Generation Plastic Dustbin - Beige Series,Cleaning & Household,249,449,Dustbins,4.1,200,44.54,Very Good,Medium
249,"New Generation Pineapple - Chunks, Single Serve Style",Fruits & Vegetables,19,23.75,"Cut Fruit, Tender Coconut",3.9,4.75,20,Good,Low
250,Max Jeera Powder Premium Pack,"Foodgrains, Oil & Masala",44.2,52,Powdered Spices,4.1,7.8,15,Very Good,Low
251,Expert Pure Neem Skin Purifying Face Wash Line,Beauty & Hygiene,90,120,Face Care,4.3,30,25,Very Good,Low
252,Signature Lemon - Organically Grown Selection,Fruits & Vegetables,33.6,42,Organic Vegetables,3.9,8.4,20,Good,Low
253,Signature Lavender & Vanilla Handmade Luxury Soap Collection,Beauty & Hygiene,275,275,Bathing Bars & Soaps,5,0,0,Excellent,Medium
254,"Advanced Stainless Steel Pressure Cooker - Steeltuff, Induction Base, Silver Set","Kitchen, Garden & Pets",2059,2424,Pressure Cookers,3,0,0,Good,High
255,"Pro Steel Deep Dabba/Storage Container - No. 12, Plain Range","Kitchen, Garden & Pets",249,339,Steel Storage Containers,3.9,90,26.55,Good,Medium
256,Expert Chyawan Fit Sugarfree Chyawanprash - Natural Immunity Booster Series,Beauty & Hygiene,225,225,Supplements & Proteins,5,0,0,Excellent,Medium
257,Artisan Morning Dew Perfumed Talc 250 g + English Lavender Perfumed Talc 250 g Range,Beauty & Hygiene,329.8,400,Talcum Powder,3.9,70.2,17.55,Good,Medium
258,"Elite Energy Bars - Nutty, 4+ Years, 100% Natural & Healthy Line",Snacks & Branded Foods,140,140,Chocolates,3.6,0,0,Good,Low
259,Pro Banana Stem - Diced Line,Fruits & Vegetables,32,40,Cut & Peeled Veggies,3.9,8,20,Good,Low
260,Fusion Chilli Flakes Premium Pack,Gourmet & World Food,99,99,"Herbs, Seasonings & Rubs",4.3,0,0,Very Good,Low
261,Essential Bite & Sip Flask And Lunch Box/Tiffin Box - Green Colour Collection,"Kitchen, Garden & Pets",319,495,Lunch Boxes,3.5,176,35.56,Good,Medium
262,Elite Namkeen - Khara Boondi Selection,Snacks & Branded Foods,49,85,Namkeen & Savoury Snacks,4,36,42.35,Very Good,Low
263,Fusion Raw Seeds - Sunflower Pumpkin Flax Seeds Selection,Gourmet & World Food,166,175,Roasted Seeds & Nuts,4.4,9,5.14,Very Good,Medium
264,"Elite Garnet LED White Bulb - 14 Watt, Cool Day, B22 Style","Kitchen, Garden & Pets",199,320,Cfl & Led Bulbs,3.5,121,37.81,Good,Medium
265,Essential Tempeh Cubes - Simply Sriracha Soyabean Style,"Bakery, Cakes & Dairy",135,150,"Paneer, Tofu & Cream",5,15,10,Excellent,Low
266,Advanced Green Tea Gentle Detox Set Edition,Beauty & Hygiene,972,972,Body Care,3.9,0,0,Good,High
267,Fusion Fresh Catch Fish Fingers Edition,"Eggs, Meat & Fish",240,240,Frozen Fish & Seafood,3.9,0,0,Good,Medium
268,Elite Sour Cream & Onion Collection,Gourmet & World Food,95,95,Nachos & Chips,2.8,0,0,Average,Low
269,Fusion Xylitol Powder Bundle,Gourmet & World Food,350,350,Exotic Sugar & Salt,5,0,0,Excellent,Medium
270,Expert Glass Amaze Air Tight Jar - Pink Premium Pack,"Kitchen, Garden & Pets",289,358,Glassware,3.9,69,19.27,Good,Medium
271,Fusion Sixer Biscuits - Salted Premium Pack,Snacks & Branded Foods,60,60,Salted Biscuits,4.2,0,0,Very Good,Low
272,"Artisan Gokshuradi Guggulu - Urinary Disorders, 500mg Series",Beauty & Hygiene,80,80,Ayurveda,3.9,0,0,Good,Low
273,Fusion Peach Shine Lip Care Set,Beauty & Hygiene,112.5,150,Lip Care,4,37.5,25,Very Good,Low
274,Ultimate Skincare Hand Wash Refill Collection,Beauty & Hygiene,218,218,Hand Wash & Sanitizers,4.3,0,0,Very Good,Medium
275,Advanced 4mm Aluminium Induction Base Chapati Roti Tawa - Silver Edition,"Kitchen, Garden & Pets",649,1289,Tawa & Sauce Pan,3.9,0,0,Good,High
276,Pro Mix - Rava Idli Model,Snacks & Branded Foods,110,110,Breakfast & Snack Mixes,4.1,0,0,Very Good,Low
277,Ultimate Impress Concentrated Perfume Free From Alcohol For Male Premium Pack,Beauty & Hygiene,300,500,Attar,3.9,200,40,Good,Medium
278,Pro Skin Awakening Rinse Edition,Beauty & Hygiene,432,480,Face Care,5,48,10,Excellent,Medium
279,Pro Pacific Steel Insulated Vacuum Flask Line,"Kitchen, Garden & Pets",609,999,Vacuum Flask,3.9,390,39.04,Good,High
280,Elite Regenerist - Advanced Anti-Ageing Revitalising Hydration Skin Cream Moisturizer SPF 15 Selection,Beauty & Hygiene,1049.25,1399,Face Care,4.1,0,0,Very Good,High
281,Fusion Cotton Swabs Range,Beauty & Hygiene,39,69,Cotton & Ear Buds,3.9,30,43.48,Good,Low
282,"Advanced Tropical Fruit Pudding - Lychee, Mango, Strawberry Flavoured Bundle",Gourmet & World Food,63.75,75,"Marshmallow, Candy, Jelly",4,11.25,15,Very Good,Low
283,Ultimate Pippali Fruit Powder - Supports Healthy Digestive & Immune System Set,Beauty & Hygiene,595,595,Ayurveda,3.9,0,0,Good,High
284,New Generation Salt & Peeper Shaker Masala Dabbi With Window Bundle,"Kitchen, Garden & Pets",89,125,Kitchen Tools & Other Accessories,3.2,36,28.8,Good,Low
285,Signature Organic - Triphala Powder Collection,"Foodgrains, Oil & Masala",94.05,99,Organic Masalas & Spices,4.2,4.95,5,Very Good,Low
286,Elite Aeda Glycerine Bathing Bar - Natural Green Set,Beauty & Hygiene,35,35,Bathing Bars & Soaps,4.7,0,0,Excellent,Low
287,Advanced Chicken Cocktail Sausage Set,"Eggs, Meat & Fish",171.6,220,Chicken Sausages,3.9,48.4,22,Good,Medium
288,Artisan Sun Expert Fairnes Sunscren Lotion SPF 30 PA++ Bundle,Beauty & Hygiene,385,385,Body Care,4.5,0,0,Excellent,Medium
289,Signature Cotton Pads Collection,Beauty & Hygiene,80,80,Cotton & Ear Buds,4.4,0,0,Very Good,Low
290,Artisan Ashwagandha Powder Series,Gourmet & World Food,400,400,Health Drinks,2.5,0,0,Average,Medium
291,New Generation Frozen - Mixed Vegetables Model,Snacks & Branded Foods,93.5,110,Frozen Vegetables,4.1,16.5,15,Very Good,Low
292,Elite Masala - Kitchen Edition,"Foodgrains, Oil & Masala",29.7,33,Blended Masalas,5,3.3,10,Excellent,Low
293,Ultimate Mustard/Sasive/Rai - Big Series,"Foodgrains, Oil & Masala",30,50,Whole Spices,4.2,20,40,Very Good,Low
294,Artisan Ayurvedic Soap Edition,Beauty & Hygiene,230.4,288,Bathing Bars & Soaps,4.4,57.6,20,Very Good,Medium
295,"Advanced Glass Matt Finish Bottle With Plastic Cap - Blue, BB1324 Model","Kitchen, Garden & Pets",169,309,Water & Fridge Bottles,3.9,140,45.31,Good,Medium
296,Artisan Perfume - Youth Dew EDP Spray Set,Beauty & Hygiene,3500,3500,Eau De Parfum,3.9,0,0,Good,High
297,Elite Cotton Swabs Set,Beauty & Hygiene,109,109,Cotton & Ear Buds,4,0,0,Very Good,Low
298,Expert Organic Idly - Oats Line,Snacks & Branded Foods,125,125,Breakfast & Snack Mixes,3.9,0,0,Good,Low
299,Essential Red Curry Selection,Gourmet & World Food,270,270,"Curry Paste, Coconut Milk",4.4,0,0,Very Good,Medium
300,Max Hareli Kitchen Jar Series,"Kitchen, Garden & Pets",409,502,Glassware,3.9,93,18.53,Good,Medium
301,Fusion Heavy Starch - Lemon Fresh Scent Edition,Cleaning & Household,285,285,Imported Cleaners,4.5,0,0,Excellent,Medium
302,New Generation United Dreams Go Far Eau De Toilette Range,Beauty & Hygiene,1330,1900,Eau De Toilette,5,0,0,Excellent,High
303,Advanced Ayurvedic Jamun Powder Collection,Beauty & Hygiene,60,60,Ayurveda,3.9,0,0,Good,Low
304,Max So Soft 2 Ply Face Tissue Box Series,Cleaning & Household,140,140,"Paper Napkin, Tissue Box",4.1,0,0,Very Good,Low
305,"Ultimate Pomegranate - Single Serve, Peeled Series",Fruits & Vegetables,34,42.5,"Cut Fruit, Tender Coconut",3.9,8.5,20,Good,Low
306,Max Stevia Spoonable - Powder Line,Gourmet & World Food,320,320,Exotic Sugar & Salt,3.9,0,0,Good,Medium
307,Essential Ylang Ylang Essential Oil Selection,Beauty & Hygiene,351,390,Aromatherapy,3,39,10,Good,Medium
308,Fusion Toor/Arhar Dal Line,"Foodgrains, Oil & Masala",128,160,"Toor, Channa & Moong Dal",3.9,32,20,Good,Low
309,Fusion Peristaltic Nipple - 'S' Hole Model,Baby Care,99,99,Sippers & Bottles,3.9,0,0,Good,Low
310,Artisan Fragrance Body Spray - Cool Blue Bundle,Beauty & Hygiene,159.5,290,Men'S Deodorants,3.5,130.5,45,Good,Medium
311,New Generation Vitamin C Brightening Peel Off Mask Collection,Beauty & Hygiene,499,499,Face Care,3.9,0,0,Good,Medium
312,Pro Almond & Rose Soap Value Pack Style,Beauty & Hygiene,131.2,160,Bathing Bars & Soaps,4.3,28.8,18,Very Good,Low
313,Signature Yippee Noodles - Magic Masala Range,Snacks & Branded Foods,61.2,68,Instant Noodles,4.3,6.8,10,Very Good,Low
314,Pro Fields Of Gold Organic Foxtail Millet Edition,"Foodgrains, Oil & Masala",90,90,Cereals & Millets,4.5,0,0,Excellent,Low
315,Artisan Arrabbiata Tomato Pasta Sauce With Chilli Collection,Gourmet & World Food,325,325,Mustard & Cheese Sauces,5,0,0,Excellent,Medium
316,"Pro Wood - Centre Filled Bar Infused With Dark Mousse, Cinnamon & Coffee Edition",Snacks & Branded Foods,350,350,Chocolates,4.5,0,0,Excellent,Medium
317,Pro Basil Seed Drink - Orange Edition,Gourmet & World Food,84.15,99,Gourmet Juices & Drinks,3.9,14.85,15,Good,Low
318,Essential Solution Anti Blackhead/Whitehead Masksheet (Pack of 10) Model,Beauty & Hygiene,900,1500,Face Care,3.9,0,0,Good,High
319,Ultimate Acno Fight Pimple Clearing Gel Edition,Beauty & Hygiene,104.3,149,Face & Body,3.3,44.7,30,Good,Low
320,Essential Pork Classic Salami Bundle,"Eggs, Meat & Fish",191.25,225,Pork & Ham,3.9,33.75,15,Good,Medium
321,Elite Gold Flash - Mosquito Repellent Combo Machine & Refill Series,Cleaning & Household,226.16,257,Mosquito Repellent,4.3,30.84,12,Very Good,Medium
322,Advanced Stainless Steel Airtight Storage Container - SL-1401 Premium Pack,"Kitchen, Garden & Pets",209,269,Steel Storage Containers,3.7,60,22.3,Good,Medium
323,Elite Organic Idly Podi - Ginger Selection,Snacks & Branded Foods,75,75,Breakfast & Snack Mixes,3.9,0,0,Good,Low
324,Elite Whisky Cocktail Mixers - 100% Natural Set,Gourmet & World Food,1200,1200,Gourmet Juices & Drinks,3.9,0,0,Good,High
325,Expert Family Sunscreen Lotion SPF 25 Collection,Beauty & Hygiene,273,420,Face Care,1,147,35,Poor,Medium
326,Fusion Japanese Cooking Rice-Wine Series,Gourmet & World Food,475,500,Flavoured & Other Oils,1,25,5,Poor,Medium
327,Ultimate Coated Green Peas - Wasabi Range,Gourmet & World Food,93.5,110,Roasted Seeds & Nuts,4.1,16.5,15,Very Good,Low
328,Fusion Charminar Basmati Rice/Basmati Akki - Select Range,"Foodgrains, Oil & Masala",399,569,Basmati Rice,3.9,170,29.88,Good,Medium
329,Max Hide & Seek Choco Rolls Line,Snacks & Branded Foods,37.5,50,Cream Biscuits & Wafers,4.3,12.5,25,Very Good,Low
330,"New Generation Hair Fall Control Kit - Oil, Shampoo & Serum Edition",Beauty & Hygiene,630,1050,Shampoo & Conditioner,5,0,0,Excellent,High
331,"Artisan Anti-Acne Face Cleanser - With Salyclic Acid, For Oily Skin Premium Pack",Beauty & Hygiene,236,295,Face & Body,3,59,20,Good,Medium
332,Artisan Gluten-Free Moong Dal Cheela/Dosa Mix Bundle,Gourmet & World Food,259,259,Flours & Pre-Mixes,4.2,0,0,Very Good,Medium
333,Ultimate Milk Boiler - Aluminium Bundle,"Kitchen, Garden & Pets",549,732,Cook And Serve,2.5,183,25,Average,High
334,"Signature Green Tea - Pure, Bio-Degradable Selection",Gourmet & World Food,297,297,Gourmet Tea & Tea Bags,3.9,0,0,Good,Medium
335,Advanced Cube Storage Glass Jar Premium Pack,"Kitchen, Garden & Pets",249,370,Containers Sets,4.4,121,32.7,Very Good,Medium
336,Ultimate M1 Perfume Spray - For Men Premium Pack,Beauty & Hygiene,231,420,Men'S Deodorants,4.3,189,45,Very Good,Medium
337,Fusion Tulsi Mulethi Green Tea Style,Gourmet & World Food,300,300,Gourmet Tea & Tea Bags,3.9,0,0,Good,Medium
338,Expert Nicer Dicer Style,"Kitchen, Garden & Pets",475,1195,Choppers & Graters,2.6,0,0,Average,Medium
339,Max Masala - Punjabi Chhole Range,"Foodgrains, Oil & Masala",28.05,33,Blended Masalas,4.3,4.95,15,Very Good,Low
340,"Advanced Pork - Fresh Bacon, Sliced Premium Pack","Eggs, Meat & Fish",360,400,Pork & Ham,3.9,40,10,Good,Medium
341,New Generation Active Salt Toothpaste Saver Pack 300g + Sensitive Soft Bristles Toothbrush 4pcs Model,Beauty & Hygiene,149.72,258,Toothpaste,3.9,108.28,41.97,Good,Low
342,Pro Silicone Feeding Nipple/Teat Regular Neck - Size XL Collection,Baby Care,150,150,Nursing Tools,3.9,0,0,Good,Medium
343,"Elite Microwaveable Plastic Multiutility Bowl - Yellow, New Coral, L2272 YL Line","Kitchen, Garden & Pets",29,38,Containers Sets,3.6,9,23.68,Good,Low
344,Pro Chicken Jalapeno Cheese Nuggets Model,"Eggs, Meat & Fish",285,300,Chicken Sausages,3.9,15,5,Good,Medium
345,Essential Milk Delights Face Wash With Honey For Dry Skin Style,Beauty & Hygiene,86.4,90,Face Care,4.2,3.6,4,Very Good,Low
346,Advanced Instaglow Oxygen Bleach Series,Beauty & Hygiene,63,70,Face Care,4.1,7,10,Very Good,Low
347,Ultimate Soft Drink - Lime Flavoured Collection,Beverages,38,40,Cold Drinks,4.3,2,5,Very Good,Low
348,Pro Coffee Creamer - Coffee-Mate Premium Pack,Gourmet & World Food,425,425,Coffee & Pre-Mix,3.9,0,0,Good,Medium
349,Essential Royce Premium High Quality Pedal Plastic Dustbin / Garbage Bin - Blue Series,Cleaning & Household,219,265,Dustbins,2.8,46,17.36,Average,Medium
350,Advanced Khaas Shampoo Bar - Heena Amla Edition,Beauty & Hygiene,295,295,Shampoo & Conditioner,3.9,0,0,Good,Medium
351,Artisan Bubble Glass Bundle,"Kitchen, Garden & Pets",789,1041,Glassware,3.9,0,0,Good,High
352,Expert Dazzle Livid Lilac Dinner Set - White Collection,"Kitchen, Garden & Pets",1229,1895,Dinner Sets,3.8,0,0,Good,High
353,Signature Dhanwantharam Kwath Bundle,Beauty & Hygiene,140,140,Ayurveda,3.9,0,0,Good,Low
354,Fusion Suzzan Glass Bottle With Blue Cap Edition,"Kitchen, Garden & Pets",290,290,Water & Fridge Bottles,3.9,0,0,Good,Medium
355,Expert Henko Detergent Bar - Stain Care 250 gm + Mr. White Detergent Powder 1 kg Pouch Model,Cleaning & Household,87,95,Detergent Bars,3.9,8,8.42,Good,Low
356,New Generation Tea - English Breakfast Bundle,Beverages,166,195,Tea Bags,4.5,29,14.87,Excellent,Medium
357,Elite Rolled Oats - Gluten Free + Gluten Free - Steel Cut Oats (each 500 g) Range,Snacks & Branded Foods,352,400,Oats & Porridge,3.9,48,12,Good,Medium
358,"Max Wafer Roll - Twister, Black With Vanilla Flavoured Cream Bundle",Gourmet & World Food,275,275,"Cookies, Biscotti, Wafer",3.9,0,0,Good,Medium
359,Essential Steel Cut Oats Selection,Snacks & Branded Foods,650,650,Oats & Porridge,3.5,0,0,Good,High
360,Max Zucchini - Green Range,Fruits & Vegetables,50,62.5,Exotic Vegetables,3.9,12.5,20,Good,Low
361,Essential Green Sliced Olives Style,Gourmet & World Food,180,200,"Olive, Jalapeno, Gherkin",4,20,10,Very Good,Medium
362,Fusion Ready To Eat - Khatta Meetha Poha Style,Snacks & Branded Foods,60,60,Breakfast & Snack Mixes,4.1,0,0,Very Good,Low
363,Max Roasted Soyanuts - Wasabi Collection,Gourmet & World Food,185,185,Roasted Seeds & Nuts,3.9,0,0,Good,Medium
364,Advanced Radiance Boost Orange Aroma Mask Selection,Beauty & Hygiene,112.5,125,Face Care,2.5,12.5,10,Average,Low
365,Artisan Muffin/Cup Cake Vanilla 200 g + Choco Chip 200 g (Pack of 4 each) Range,"Bakery, Cakes & Dairy",318,318,Muffins & Cup Cakes,3.9,0,0,Good,Medium
366,Max Masala Oats - Veggie Twist Bundle,Snacks & Branded Foods,180,195,Oats & Porridge,4.2,15,7.69,Very Good,Medium
367,Elite Sunscreen Cream - Sunblock Anti Aging SPF UV 60 Collection,Beauty & Hygiene,475,475,Face Care,4.5,0,0,Excellent,Medium
368,Ultimate Sunblock Lotion Model,Beauty & Hygiene,178.5,210,Face Care,4.1,31.5,15,Very Good,Medium
369,Fusion Copper Water Fliptop Bottle - Stripes Range,"Kitchen, Garden & Pets",549,1299,Copper Utensils,2.4,0,0,Average,High
370,Ultimate For Men Evolution Eau De Toilette Style,Beauty & Hygiene,1900.8,3300,Eau De Toilette,3.9,0,0,Good,High
371,"Ultimate Long & Black Shampoo - With Goodness Of Amla & Bhringraj, For Shiny, Black Hair Selection",Beauty & Hygiene,171,190,Shampoo & Conditioner,4.2,19,10,Very Good,Medium
372,Signature Toothpaste - Complete Care Style,Beauty & Hygiene,65,80,Toothpaste,4.3,15,18.75,Very Good,Low
373,Elite Olive Oil - Pomace Series,Gourmet & World Food,3330,3330,"Pure, Pomace Olive Oil",3.5,0,0,Good,High
374,Expert Glass Set - Solo Shot Bar Style,"Kitchen, Garden & Pets",579,888,Glassware,3.9,309,34.8,Good,High
375,New Generation Bonacure Conditioner - Repair Rescue Set,Beauty & Hygiene,900,900,Shampoo & Conditioner,5,0,0,Excellent,High
376,Max Vegan Chipotle Mayo - Dairy-Free Premium Pack,Gourmet & World Food,332.5,350,Salad Dressings,3.4,17.5,5,Good,Medium
377,Ultimate Blueberry Selection,Fruits & Vegetables,330,418.75,Exotic Fruits,3.9,88.75,21.19,Good,Medium
378,"Pro Oregano - Organic, USDA Certified Premium Pack",Gourmet & World Food,99,99,"Herbs, Seasonings & Rubs",4.2,0,0,Very Good,Low
379,Expert Chunky Salsa - Mild Set,Gourmet & World Food,140.25,165,"Hummus, Cheese, Salsa Dip",3.9,24.75,15,Good,Low
380,Essential Multigrain Energy Bar - Nuts n Seed Series,Gourmet & World Food,40,40,Cereal & Granola Bars,4,0,0,Very Good,Low
381,Elite Active Fresh Gel Toothpaste Collection,Beauty & Hygiene,45,50,Toothpaste,4.3,5,10,Very Good,Low
382,Ultimate Hydro Replenish Radiance Day Crème with SPF 15 Bundle,Beauty & Hygiene,104.3,149,Face Care,4.3,44.7,30,Very Good,Low
383,Signature Anti-Hair Fall Shampoo Bundle,Beauty & Hygiene,123.5,130,Shampoo & Conditioner,4.2,6.5,5,Very Good,Low
384,"Fusion Cereal - Ragi, Rice & Mango With Milk Collection",Baby Care,300,300,Organic Baby Food,4,0,0,Very Good,Medium
385,Fusion Fenugreek/Methi/Menthya Edition,"Foodgrains, Oil & Masala",18.4,30,Whole Spices,4.1,11.6,38.67,Very Good,Low
386,Max Hair Spa Oil Therapy Edition,Beauty & Hygiene,370.5,390,Hair Oil & Serum,5,19.5,5,Excellent,Medium
387,"New Generation Sauce - Bhut Jolokia, Sweet Chilli Bundle",Snacks & Branded Foods,168.75,225,Chilli & Soya Sauce,5,56.25,25,Excellent,Medium
388,Expert Dry Fruit Mixed Chatpata Range,Gourmet & World Food,149,215,Dry Fruits & Berries,3.9,66,30.7,Good,Low
389,Artisan Organic Coriander Powder Edition,"Foodgrains, Oil & Masala",48,48,Organic Masalas & Spices,4.1,0,0,Very Good,Low
390,Pro Stainless Steel Induction Base Tope Collection,"Kitchen, Garden & Pets",399,435,Bowls & Vessels,4.1,36,8.28,Very Good,Medium
391,"New Generation Adult Cat Food Pocket Tuna 7 kg + Wet Meal Tuna In Jelly, for Adult Cat 1.02 kg Edition","Kitchen, Garden & Pets",1986.6,2220,Pet Meals & Treats,3.9,0,0,Good,High
392,"Fusion Pork - Mortadella with Olives, Sliced Edition","Eggs, Meat & Fish",410.4,456,Pork & Ham,3.9,45.6,10,Good,Medium
393,New Generation Andhra Special Allam/Ginger Pickle Selection,Snacks & Branded Foods,210,210,Other Veg Pickle,2,0,0,Average,Medium
394,Ultimate New Dry Diapers - Medium Selection,Baby Care,388.88,425,Diapers,3.8,36.12,8.5,Good,Medium
395,Expert Fruit N Fibre Muesli - Mixed Fruit Premium Pack,Snacks & Branded Foods,320,320,Muesli,4.3,0,0,Very Good,Medium
396,Fusion Basa Fish - Fillet Family Pack Edition,"Eggs, Meat & Fish",499,499,Frozen Fish & Seafood,3.9,0,0,Good,Medium
397,Pro Baby Corn - Sweet & Sour Series,Gourmet & World Food,607.75,715,Tomatoes & Vegetables,5,107.25,15,Excellent,High
398,Advanced Kool - Badam Collection,"Bakery, Cakes & Dairy",20,20,"Flavoured, Soya Milk",4.2,0,0,Very Good,Low
399,Max Creamy Crackers - Original Line,Gourmet & World Food,180,180,Crackers & Digestive,4.3,0,0,Very Good,Medium
400,Expert Dried - Cranberries 200G + Prunes 200G + Apricots  200G + Blueberries 150G Edition,Gourmet & World Food,1280,1280,Dry Fruits & Berries,3.9,0,0,Good,High
401,New Generation Milly Magic Chocolate Balls - Gluten Free Line,Snacks & Branded Foods,485,485,Kids Cereal,4,0,0,Very Good,Medium
402,Artisan Millet Based Nutrition Bar - Classic Bundle,Gourmet & World Food,20,20,Cereal & Granola Bars,4,0,0,Very Good,Low
403,"Ultimate Bathroom Cleaner - Liquid, Hand Made Collection",Cleaning & Household,120,120,Toilet Cleaners,3.5,0,0,Good,Low
404,Pro Kodo Millet Rice - Pesticide Free Model,"Foodgrains, Oil & Masala",84.15,85,Cereals & Millets,4.1,0.85,1,Very Good,Low
405,Artisan Amla Juice Series,Beverages,220,220,Juices,3.9,0,0,Good,Medium
406,Signature Cheddar - English Edition,Gourmet & World Food,530,530,International Cheese,3.9,0,0,Good,High
407,Essential Power - Fresh Breath Fluoride Toothpaste 100 g + Sensitive Toothpaste 80 g Model,Beauty & Hygiene,203.99,240,Toothpaste,3.9,36.01,15,Good,Medium
408,"Ultimate Matcha Moringa Bar Bites - Mini, Gluten-free, Vegan Bundle",Gourmet & World Food,112.56,168,"Cookies, Biscotti, Wafer",3.9,55.44,33,Good,Low
409,Essential Sugar Free Juice - Lemon Ginger Squash Range,Beverages,330,330,Juices,3.9,0,0,Good,Medium
410,Advanced Wipeout Germ Killing Soap Bundle,Beauty & Hygiene,55.2,69,Hand Wash & Sanitizers,4,13.8,20,Very Good,Low
411,Artisan Jelly Crystal - Raspberry Edition,Gourmet & World Food,40.5,45,"Baking, Cake Decorations",4.4,4.5,10,Very Good,Low
412,Fusion Black Tea Series,Beverages,155,155,Tea Bags,4.3,0,0,Very Good,Medium
413,New Generation Grainy Delight Series,Gourmet & World Food,150,150,Roasted Seeds & Nuts,3.9,0,0,Good,Medium
414,"Artisan Kitchen Cleaning/Dusting Microfibre Cloth - Grey, G130060GR Bundle",Cleaning & Household,239.2,299,Dust Cloth & Wipes,4.3,59.8,20,Very Good,Medium
415,Pro Amla Churna Model,Beauty & Hygiene,80,80,Ayurveda,3.9,0,0,Good,Low
416,Essential Professional Herbal Orange Facial Massage Cream Bundle,Beauty & Hygiene,191.25,225,Body Care,3.9,33.75,15,Good,Medium
417,Artisan Eggless Mayonnaise Dip Premium Pack,Gourmet & World Food,119,149,Salad Dressings,3.9,30,20.13,Good,Low
418,Ultimate Nilgiri Green Tea - Yakuso Tulsi Range,Gourmet & World Food,525,750,Gourmet Tea & Tea Bags,3.9,225,30,Good,High
419,"Ultimate Peri Peri Sauce - Bird Eye Chili, Hot & Tangy Style",Gourmet & World Food,161.1,179,Thai & Asian Sauces,4.1,17.9,10,Very Good,Medium
420,"Essential Menstrual Cup - Wings, Pratham Model",Beauty & Hygiene,489,489,Tampons & Menstrual Cups,3.9,0,0,Good,Medium
421,New Generation Wonderz Milk Fruit N Milk - Mango Collection,"Bakery, Cakes & Dairy",29.75,35,"Flavoured, Soya Milk",4.1,5.25,15,Very Good,Low
422,Advanced Cow Ghee/Tuppa Range,"Foodgrains, Oil & Masala",432,540,Ghee & Vanaspati,3.4,108,20,Good,Medium
423,"Ultimate Organic - Black Cardamom Ealachi, Whole Style","Foodgrains, Oil & Masala",44,47,Organic Masalas & Spices,4,3,6.38,Very Good,Low
424,Advanced Ultimate Choco Berry Set,Snacks & Branded Foods,950,950,Granola & Cereal Bars,4.9,0,0,Excellent,High
425,Max Steel Belly Shape Storage Dabba/ Container Set With PP Lid - Silver & Blue Style,"Kitchen, Garden & Pets",219,995,Steel Storage Containers,3.8,776,77.99,Good,Medium
426,Fusion Kool - Koko Premium Pack,"Bakery, Cakes & Dairy",111,120,"Flavoured, Soya Milk",4.3,9,7.5,Very Good,Low
427,"Ultimate Apple Cider Vinegar - With Mother, Unfiltered & Unpasteurized Line",Gourmet & World Food,500,500,Balsamic & Cider Vinegar,5,0,0,Excellent,High
428,Advanced Dare Deodorant Spray - Men Line,Beauty & Hygiene,210,210,Men'S Deodorants,3.9,0,0,Good,Medium
429,Ultimate Svachh DLX Alpha Steel Outer Lid Pressure Cooker (20247) Model,"Kitchen, Garden & Pets",2060,2290,Pressure Cookers,3.3,0,0,Good,High
430,Fusion Hydrating Body Lotion Line,Beauty & Hygiene,349,349,Body Care,4,0,0,Very Good,Medium
431,Essential Nuts & Seeds Bar Range,Snacks & Branded Foods,36,40,Granola & Cereal Bars,3.8,4,10,Good,Low
432,"Expert Nacho Chips - Cheese With Herbs, No Onion, No Garlic Selection",Gourmet & World Food,46.9,70,Nachos & Chips,4.2,23.1,33,Very Good,Low
433,Signature Pistachio Bundle,Gourmet & World Food,307.2,480,Dry Fruits & Berries,3.9,172.8,36,Good,Medium
434,Ultimate 7 O Click - Permasharp Stainless Blade Edition,Beauty & Hygiene,21.56,22,Shaving Care,4.1,0.44,2,Very Good,Low
435,New Generation Classic Sandalwood & Tulsi Hand Wash Set,Beauty & Hygiene,209,209,Hand Wash & Sanitizers,3.8,0,0,Good,Medium
436,Pro Chai/Stainless Steel Cups - For The Love Of Tea Style,"Kitchen, Garden & Pets",395,395,"Cups, Mugs & Tumblers",3.9,0,0,Good,Medium
437,New Generation Brass Karpoor Arti - No.2 Series,Cleaning & Household,109,225,Other Pooja Needs,3.8,116,51.56,Good,Low
438,Expert Nikhaar Hair Removal Cream For All Skin Types Line,Beauty & Hygiene,82,82,Hair Removal,4.1,0,0,Very Good,Low
439,Pro Original Care Lip Balm For 24h Moisture With Shea Butter & Natural Oils Edition,Beauty & Hygiene,114.8,140,Lip Care,4.3,25.2,18,Very Good,Low
440,"Elite Plastic Insulated Jr Casserole For Roti/Chapati Gift Set - White, Regalia Set","Kitchen, Garden & Pets",739,910,Casserole,3.5,171,18.79,Good,High
441,New Generation Sunspray Sunscreen SPF 30 Model,Beauty & Hygiene,292.5,450,Face Care,3.9,157.5,35,Good,Medium
442,Expert Vastu Combo Pack - Floor Cleaner + toilet cleaner Line,Cleaning & Household,319,319,Floor & Other Cleaners,3.6,0,0,Good,Medium
443,"Fusion Water Flask - Insulated Thermosteel, Flip Lid , Silver Premium Pack","Kitchen, Garden & Pets",879,1095,Vacuum Flask,4.2,0,0,Very Good,High
444,Artisan Drumstick - Organically Grown Model,Fruits & Vegetables,13,16.25,Organic Vegetables,3.9,3.25,20,Good,Low
445,Advanced Up Or Down Eau De Toilette Deodorant - For Man Premium Pack,Beauty & Hygiene,223.2,279,Men'S Deodorants,3.9,55.8,20,Good,Medium
446,"Signature Ultra Healing - Extra Dry Skin Moisturiser With Vitamin C, E & B5 Collection",Beauty & Hygiene,296.1,329,Body Care,2,32.9,10,Average,Medium
447,"Essential Organic, Fennel /Saunf/Sompu Powder Selection","Foodgrains, Oil & Masala",23,25,Organic Masalas & Spices,4.1,2,8,Very Good,Low
448,Artisan Coconut Braker - Big Collection,"Kitchen, Garden & Pets",129,169,Kitchen Tools & Other Accessories,3,40,23.67,Good,Low
449,Elite Truffel - Caramel Range,Snacks & Branded Foods,190,200,Chocolates,3.7,10,5,Good,Medium
450,Pro Conditioner - Hair Repair Style,Beauty & Hygiene,161,161,Shampoo & Conditioner,3.9,0,0,Good,Medium
451,"Artisan Stainless Steel Water Bottle - Blue, BB506 3 Selection","Kitchen, Garden & Pets",249,470,Water & Fridge Bottles,3.9,221,47.02,Good,Medium
452,New Generation Mischief Avatar Deodorant & Body Spray Perfume For Men Style,Beauty & Hygiene,121,199,Men'S Deodorants,3.8,78,39.2,Good,Low
453,Expert Skin Fruits Fruit Moisturising Body Lotion Selection,Beauty & Hygiene,68.85,81,Body Care,4.1,12.15,15,Very Good,Low
454,Max Multipurpose Germ Protection Anti-Bacterial Wipes With Lemon Fragrance Model,Cleaning & Household,100,100,Disinfectant Spray & Cleaners,3.9,0,0,Good,Low
455,Elite Basmati Rice/Basmati Akki - Rozana Super 90 Bundle,"Foodgrains, Oil & Masala",340,390,Basmati Rice,3.9,50,12.82,Good,Medium
456,Expert Milk power Frappe Milkshake - Belgian Chocolate Edition,"Bakery, Cakes & Dairy",27,30,"Flavoured, Soya Milk",4.2,3,10,Very Good,Low
457,"Pro Peanut Butter - Unsweetened, Crunchy Series",Snacks & Branded Foods,275,275,Choco & Nut Spread,3.8,0,0,Good,Medium
458,Ultimate Salem Turmeric Powder/Arisina Pudi Series,"Foodgrains, Oil & Masala",24.75,33,Powdered Spices,4.4,8.25,25,Very Good,Low
459,New Generation Body Fragrance - Alexander Model,Beauty & Hygiene,149.25,199,Men'S Deodorants,4.3,49.75,25,Very Good,Low
460,"Essential Steel Storage/Lunch Container- No.1, Blue, Klip It Style","Kitchen, Garden & Pets",79,119,Steel Storage Containers,3.1,40,33.61,Good,Low
461,Ultimate Ladies Finger Collection,Fruits & Vegetables,26.73,35,"Beans, Brinjals & Okra",3.9,8.27,23.63,Good,Low
462,Fusion Aloe Vera Juice - Purifies Blood & Boosts Immunity Model,Gourmet & World Food,220,220,Health Drinks,1,0,0,Poor,Medium
463,"Fusion Balloon - Polka Dot, 12 Inch Bundle",Cleaning & Household,99,129,"Caps, Balloons & Candles",3.9,30,23.26,Good,Low
464,Essential School/Stationery Kit Line,Cleaning & Household,49,49,"Pen, Pencils",4.1,0,0,Very Good,Low
465,Advanced Face Wash - White Tea & Chamomile Style,Beauty & Hygiene,129.5,185,Face Care,4.2,55.5,30,Very Good,Low
466,Advanced Bathroom Cleaner Premium Pack,Cleaning & Household,209.3,299,Toilet Cleaners,4,89.7,30,Very Good,Medium
467,Fusion Imperial Desert Set - Aqua Leaves Premium Pack,"Kitchen, Garden & Pets",419,625,Plates & Bowls,2.8,206,32.96,Average,Medium
468,Essential Solitaire Storage Transparent Pet Container Set - Green Lid Model,"Kitchen, Garden & Pets",409,969,Containers Sets,4.2,560,57.79,Very Good,Medium
469,Advanced Organic Cold Pressed Virgin Coconut Oil Set,Gourmet & World Food,239,365,Organic & Cold Press Oil,4.4,126,34.52,Very Good,Medium
470,New Generation DiaFree Juice Premium Pack,Beverages,420,420,Juices,3.9,0,0,Good,Medium
471,Expert Hand Wash Rose & Geranium - Anti Bacterial Set,Beauty & Hygiene,349,349,Hand Wash & Sanitizers,5,0,0,Excellent,Medium
472,Expert Namkeen - Flattend Rice Mixture Set,Snacks & Branded Foods,38,38,Namkeen & Savoury Snacks,4,0,0,Very Good,Low
473,Expert Borosilicate Glass Rectangular Food Container With Green Lid Model,"Kitchen, Garden & Pets",209,339,Containers Sets,3.9,130,38.35,Good,Medium
474,Pro Black Naturals Range,Beauty & Hygiene,37,39,Hair Color,4.2,2,5.13,Very Good,Low
475,Fusion Sorghum Rava/ Semolina Bundle,Gourmet & World Food,80,80,Flours & Pre-Mixes,4.4,0,0,Very Good,Low
476,Expert Sensitive Toothpaste - Fresh Mint Model,Beauty & Hygiene,215.6,230,Toothpaste,4.3,14.4,6.26,Very Good,Medium
477,New Generation Floor Cleaner - Lime Line,Cleaning & Household,70,70,Floor & Other Cleaners,3.8,0,0,Good,Low
478,Advanced Hair Serum - Anti-Dandruff Edition,Beauty & Hygiene,637.5,750,Hair Oil & Serum,1,112.5,15,Poor,High
479,"Elite Face Mask 3-Layer Surgical - Disposable, Anti-Dust & Anti-Pollution, With Earloop Premium Pack",Beauty & Hygiene,79,99,Face Masks & Safety Gears,3.5,20,20.2,Good,Low
480,Pro Veda Keto-Slim Ultra Weight Loss Set,Beauty & Hygiene,1699,1699,Ayurveda,3.9,0,0,Good,High
481,"Fusion Basmati Rice Mini Mogra, Broken/Tukda 5 Kg + Wheat Flour (Chakki Atta) 10 Kg Premium Pack","Foodgrains, Oil & Masala",575,745,Basmati Rice,3.9,170,22.82,Good,High
482,New Generation Tapioca Style,Fruits & Vegetables,17,21.25,Root Vegetables,3.9,4.25,20,Good,Low
483,Ultimate Organic - Kalonji Edition,"Foodgrains, Oil & Masala",47.5,50,Organic Masalas & Spices,4.2,2.5,5,Very Good,Low
484,Expert Savoury - Pizza Line,Gourmet & World Food,190,190,"Healthy, Baked Snacks",3.9,0,0,Good,Medium
485,Expert Water/Juice Glass Tumbler - Volvic 3303 Range,"Kitchen, Garden & Pets",425,425,Glassware,3.9,0,0,Good,Medium
486,Elite Red Poha Selection,"Foodgrains, Oil & Masala",80,80,"Organic Rice, Other Rice",4,0,0,Very Good,Low
487,Expert Brightening Serum Edition,Beauty & Hygiene,942,1450,Face Care,4,0,0,Very Good,High
488,Essential Ivory Glass Bottle - Orange & Yellow Floral Series,"Kitchen, Garden & Pets",190,190,Water & Fridge Bottles,3.9,0,0,Good,Medium
489,Artisan Sheer Perfume For Women - EDP Premium Pack,Beauty & Hygiene,1435.5,1595,Eau De Parfum,4.4,0,0,Very Good,High
490,Signature Dog Treats - Diced Chicken Collection,"Kitchen, Garden & Pets",195,195,Pet Meals & Treats,3.9,0,0,Good,Medium
491,New Generation Baking Powder - Double Acting Style,Gourmet & World Food,145,145,"Baking, Cake Decorations",5,0,0,Excellent,Low
492,"Signature Ready Mix - Kheer, Vermicelli Collection",Snacks & Branded Foods,53,60,Dessert Mixes,4.3,7,11.67,Very Good,Low
493,Pro Scrubbing Broom Brush - Outdoor Style,Cleaning & Household,256.5,285,Toilet & Other Brushes,4.5,28.5,10,Excellent,Medium
494,Max Organic Wheat Dalia Set,"Foodgrains, Oil & Masala",52.25,55,Organic Flours,4.1,2.75,5,Very Good,Low
495,Signature Moisturizing Body Bath - Green Tea & Milk Model,Beauty & Hygiene,279,279,Shower Gel & Body Wash,3.9,0,0,Good,Medium
496,Essential The Original Kashaya - Caffeine Free Series,Gourmet & World Food,279,279,Health Drinks,4.8,0,0,Excellent,Medium
497,Expert Nizami Hyderabadi Cuisine Series,Gourmet & World Food,395,395,"Curry Paste, Coconut Milk",3.9,0,0,Good,Medium
498,Fusion Elegance Deodorizing Talc - For Men Edition,Beauty & Hygiene,157.25,185,Talc,4.4,27.75,15,Very Good,Medium
499,"Essential LED Bulb - 10 Watt CDL Round Base Lyor 5 Star Series, Cool Day Light White, B22 Collection","Kitchen, Garden & Pets",149,285,Cfl & Led Bulbs,3.9,136,47.72,Good,Low
500,Max Organic Rasam Ready Mix - Long Pepper Premium Pack,Snacks & Branded Foods,85,85,Breakfast & Snack Mixes,4.2,0,0,Very Good,Low
501,Fusion Gold Caramel Candy Style,Snacks & Branded Foods,50,50,"Toffee, Candy & Lollypop",4.3,0,0,Very Good,Low
502,Ultimate Masala - Birayani Pulao Selection,"Foodgrains, Oil & Masala",80,80,Blended Masalas,4.2,0,0,Very Good,Low
503,Essential Hair Fall Control Oil Collection,Beauty & Hygiene,145,290,Hair Oil & Serum,4,145,50,Very Good,Low
504,Essential Bio Renew White Strawberry & Sweet Mint Conditioner Line,Beauty & Hygiene,468,650,Shampoo & Conditioner,4.4,182,28,Very Good,Medium
505,"Ultimate Comfort Bathroom Stool Plastic/Patla - Plain, Big, Assorted Collection",Cleaning & Household,259,426,"Bath Stool, Basin & Sets",3.4,167,39.2,Good,Medium
506,Artisan Bounce Biscuits - Elaichi Creme Set,Snacks & Branded Foods,27,30,Cream Biscuits & Wafers,4.1,3,10,Very Good,Low
507,"New Generation Pumice Stone & Emery Foot Filer - FFL3407, Colour May Vary Collection",Beauty & Hygiene,175,175,Bathing Accessories,3.8,0,0,Good,Medium
508,Fusion Olive Oil - Classic Line,Gourmet & World Food,589,1350,"Pure, Pomace Olive Oil",3.9,0,0,Good,High
509,Artisan Light Soy Sauce - Reduced Salt Selection,Gourmet & World Food,346.5,385,Thai & Asian Sauces,3.9,38.5,10,Good,Medium
510,"Essential Kitchen Cleaning/Dusting Microfibre Cloth - Red & Grey, G130064RG Edition",Cleaning & Household,219,258,Dust Cloth & Wipes,4,39,15.12,Very Good,Medium
511,Artisan Painting Kit Premium Pack,Cleaning & Household,196,199,Colours & Crayons,4.7,3,1.51,Excellent,Medium
512,Advanced Diamond Skin Brightening Kit - Consumer Pack Set,Beauty & Hygiene,150,250,Face Care,4,100,40,Very Good,Medium
513,Artisan Organic - Turmeric Powder/Arisina Pudi Collection,"Foodgrains, Oil & Masala",32,40,Organic Masalas & Spices,4.7,8,20,Excellent,Low
514,Max Natural Neem Agarbatti Premium Pack,Cleaning & Household,180,180,Mosquito Repellent,3,0,0,Good,Medium
515,Ultimate Raspberry Strawberry Preserve Collection,Gourmet & World Food,349,349,"Jams, Marmalade, Spreads",3.5,0,0,Good,Medium
516,Essential Meghdoot Honey Almond Body Lotion Set,Beauty & Hygiene,195,195,Body Care,3.9,0,0,Good,Medium
517,Pro Hajmola Maha Candy - Aam+Imli Style,Beauty & Hygiene,117,130,Supplements & Proteins,4.4,13,10,Very Good,Low
518,Fusion Rice Bran Oil Edition,"Foodgrains, Oil & Masala",173,215,"Sunflower, Rice Bran Oil",4.1,42,19.53,Very Good,Medium
519,"Signature N95 Washable Face Mask - Blue, Medium Collection",Beauty & Hygiene,299,395,Face Masks & Safety Gears,3.8,96,24.3,Good,Medium
520,Essential Coriander Powder Collection,"Foodgrains, Oil & Masala",24,24,Powdered Spices,4.2,0,0,Very Good,Low
521,Ultimate Dressing - Creamy Caesar Edition,Gourmet & World Food,270,270,Salad Dressings,3.9,0,0,Good,Medium
522,Essential Shishu Taila - For Healthy Skin & Stronger Bones Edition,Beauty & Hygiene,200,200,Ayurveda,3.9,0,0,Good,Medium
523,Artisan Chocolate Flavoured Lubes Edition,Beauty & Hygiene,300,300,Sexual Wellness,2.3,0,0,Average,Medium
524,New Generation Free Range Eggs - Omega 3 Series,"Eggs, Meat & Fish",150,150,Farm Eggs,3.9,0,0,Good,Medium
525,Pro Whiteglow Skin Whitening & Brightening Gel Creme PA+++ - SPF 25 Series,Beauty & Hygiene,292.5,390,Face Care,4.3,97.5,25,Very Good,Medium
526,Advanced Premium Californian Roasted & Salted Pistachios - Value Pack Set,Gourmet & World Food,656.25,875,Dry Fruits & Berries,3.9,218.75,25,Good,High
527,Fusion Active Baby Medium (6-11 kg) - 62 Diapers Series,Baby Care,1077.02,1099,Diapers,4.4,0,0,Very Good,High
528,Elite Nutrition & Health Drink - Pista Badam Collection,Beverages,315,315,Kids (5+Yrs),4.4,0,0,Very Good,Medium
529,Fusion Chocolate Biscuits - Cream 4 Fun Model,Snacks & Branded Foods,25,30,Cream Biscuits & Wafers,4,5,16.67,Very Good,Low
530,Ultimate Oat Krunch - Dark Chocolate Selection,Gourmet & World Food,125,125,"Cookies, Biscotti, Wafer",5,0,0,Excellent,Low
531,Expert Soft & Fresh Soap Bar Series,Beauty & Hygiene,72,72,Bathing Bars & Soaps,4.4,0,0,Very Good,Low
532,Ultimate Oxygen Moisture Shampoo Set,Beauty & Hygiene,466.2,630,Shampoo & Conditioner,4.2,163.8,26,Very Good,Medium
533,"Elite Almond Milk - Unsweetened, Lactose-Free, Plant-Based Milk Alternative Set",Gourmet & World Food,237.5,250,Milk & Soya Drinks,4.2,12.5,5,Very Good,Medium
534,Ultimate Herbal Vedaprash Immunity Booster Bundle,Beauty & Hygiene,649,649,Ayurveda,3.9,0,0,Good,High
535,"Artisan Table Ring - Trivet Round, Dia-13 cm Series","Kitchen, Garden & Pets",45,59,Kitchen Tools & Other Accessories,3.7,14,23.73,Good,Low
536,Advanced Premium International Healthy Nutmix - Value Pack Selection,Gourmet & World Food,401.33,599,Dry Fruits & Berries,3.9,197.67,33,Good,Medium
537,Expert Non Scratch Sponge Style,Cleaning & Household,57,70,"Utensil Scrub-Pad, Glove",4.3,13,18.57,Very Good,Low
538,Pro Premium Care XXXL - 23 Diaper Pants Series,Baby Care,850.26,1149,Diapers,3.8,0,0,Good,High
539,Signature Drumstick - Organically Grown Series,Fruits & Vegetables,13,16.25,Organic Vegetables,3.9,3.25,20,Good,Low
540,Essential Moisturzing Cream - Intense Model,Beauty & Hygiene,175,350,Face Care,3.9,175,50,Good,Medium
541,Max Shikakai - Amla and Bhringraj Model,Beauty & Hygiene,20.9,22,Bathing Bars & Soaps,4.2,1.1,5,Very Good,Low
542,Pro Amritsari Chhole Masala Selection,"Foodgrains, Oil & Masala",40.95,63,Blended Masalas,4.1,22.05,35,Very Good,Low
543,Advanced Meswak Toothpaste Selection,Beauty & Hygiene,426.3,525,Toothpaste,4.3,98.7,18.8,Very Good,Medium
544,Essential Tofu Supreme - Regular Selection,"Bakery, Cakes & Dairy",108,120,"Paneer, Tofu & Cream",2.8,12,10,Average,Low
545,Pro Honey Sunflower Premium Pack,Gourmet & World Food,110.5,130,Roasted Seeds & Nuts,4.7,19.5,15,Excellent,Low
546,Signature Premium Raw Organic Authentic Flaxseeds Line,Gourmet & World Food,59.4,99,Roasted Seeds & Nuts,4.5,39.6,40,Excellent,Low
547,Advanced Ultra Protect Spray Range,Beauty & Hygiene,340,400,Hand Wash & Sanitizers,3.5,60,15,Good,Medium
548,Max Chia Mango Mint Jam Collection,Gourmet & World Food,126,140,"Jams, Marmalade, Spreads",3.5,14,10,Good,Low
549,New Generation Asafoetida - Powder Line,"Foodgrains, Oil & Masala",90.25,95,Powdered Spices,4.3,4.75,5,Very Good,Low
550,"Advanced Pure Maple Syrup - Product Of Canada, Grade A, Robust Taste Collection",Gourmet & World Food,900,1000,Honey & Maple Syrup,4.7,0,0,Excellent,High
551,Max Flucon Tablets - Fights Allergy Naturally Set,Beauty & Hygiene,110,110,Ayurveda,3.9,0,0,Good,Low
552,Signature Tagara (Valerian) - Tablets Model,Beauty & Hygiene,145.2,165,Supplements & Proteins,4.8,19.8,12,Excellent,Low
553,Essential Masala - Pav Bhaji Premium Pack,"Foodgrains, Oil & Masala",66,66,Blended Masalas,4.1,0,0,Very Good,Low
554,Signature Cereal Flip Lid Container/Storage Jar - Assorted Colour Premium Pack,Cleaning & Household,79,107,"Laundry, Storage Baskets",4.6,28,26.17,Excellent,Low
555,Elite Greek Yogurt Smoothie - Strawberry Collection,Gourmet & World Food,49,70,Milk & Soya Drinks,4,21,30,Very Good,Low
556,Artisan Marvel Spiderman Metal Kids Pencil Box Model,Cleaning & Household,149,149,Exam Pads & Pencil Box,3,0,0,Good,Low
557,New Generation Jeera Nibbles Set,Snacks & Branded Foods,39,50,Salted Biscuits,4.1,11,22,Very Good,Low
558,Essential Pure Aloe Vera Gel Set,Beauty & Hygiene,107,150,Body Care,3.7,43,28.67,Good,Low
559,New Generation Organic Quinoa Power Rice Cake Selection,Gourmet & World Food,126.65,149,"Healthy, Baked Snacks",3.9,22.35,15,Good,Low
560,Artisan Hair Styling Gel - High Hold With Wet Looks Set,Beauty & Hygiene,299,299,Hair Care & Styling,3.9,0,0,Good,Medium
561,Essential Brazil - Single Origin Dark Chocolate Premium Pack,Gourmet & World Food,320,320,"Luxury Chocolates, Gifts",5,0,0,Excellent,Medium
562,Expert Sesame Chikki Range,Snacks & Branded Foods,300,300,Chikki & Gajjak,4,0,0,Very Good,Medium
563,Expert Jerk Sauce Edition,Snacks & Branded Foods,160,200,Chilli & Soya Sauce,5,40,20,Excellent,Medium
564,Artisan Organic Elicoidali Pasta Collection,Gourmet & World Food,396,495,Pastas & Spaghetti,5,99,20,Excellent,Medium
565,Pro Elegant Fruit Center Filled Choco Assortment Style,Gourmet & World Food,267.75,315,"Marshmallow, Candy, Jelly",5,47.25,15,Excellent,Medium
566,"Pro Basting Brush Kitchen Oil Cooking Tool - Silicon Plastic, Pink/Peach Assorted, BB1166 Bundle","Kitchen, Garden & Pets",139,189,Baking Tools & Brushes,4.4,50,26.46,Very Good,Low
567,Fusion Baby Powder With Fragrance Line,Baby Care,99,99,Baby Powder,3.8,0,0,Good,Low
568,Expert Supple Bounce Body Lotion Selection,Beauty & Hygiene,105.6,110,Body Care,4.5,4.4,4,Excellent,Low
569,Fusion Glass Serving Mixing Bowl Edition,"Kitchen, Garden & Pets",169,299,Glassware,2.8,130,43.48,Average,Medium
570,New Generation Tawa Pav Bhaji Masala Set,"Foodgrains, Oil & Masala",39.6,66,Blended Masalas,4,26.4,40,Very Good,Low
571,"Ultimate Bathing Bar Soap - Germ Protection, Original Collection",Beauty & Hygiene,335.81,440,Bathing Bars & Soaps,4.3,104.19,23.68,Very Good,Medium
572,Fusion Nylon Rope Bundle,Cleaning & Household,80,80,Other Plastic Ware,4.2,0,0,Very Good,Low
573,Elite Cleaner - Jewelery Series,Cleaning & Household,575,575,Floor & Other Cleaners,3.9,0,0,Good,High
574,Elite Tasty Ragi Chivda Model,Gourmet & World Food,99,99,"Healthy, Baked Snacks",3.9,0,0,Good,Low
575,Ultimate Crunchy & Creame Wafer Biscuit - Vanilla Model,Gourmet & World Food,89.1,99,"Cookies, Biscotti, Wafer",3.3,9.9,10,Good,Low
576,Essential Fevicryl - Pearl Kit Style,Cleaning & Household,108,110,Colours & Crayons,4.2,2,1.82,Very Good,Low
577,"Expert Deluxe Granite Non-Stick Omni Tawa, 250 mm (36301) Edition","Kitchen, Garden & Pets",870,1020,Tawa & Sauce Pan,3.5,0,0,Good,High
578,"New Generation Granola - Choco, Almond & Cookies Style",Snacks & Branded Foods,245,265,Granola & Cereal Bars,3.9,20,7.55,Good,Medium
579,Ultimate Peanut Brittle - With Jaggery Range,Gourmet & World Food,119,199,"Luxury Chocolates, Gifts",3.9,80,40.2,Good,Low
580,Elite For Man Eau De Toilette Premium Pack,Beauty & Hygiene,2415,3450,Eau De Toilette,2,0,0,Average,High
581,"Advanced Novawhite Glutathione & Vitamin C Cream - For Men & Women, Suitable For all Skin Types Line",Beauty & Hygiene,675,675,Face Care,3.9,0,0,Good,High
582,"Ultimate Klick Lead - 10HB, 10 Leads Range",Cleaning & Household,98,100,"Pen, Pencils",3.9,2,2,Good,Low
583,Elite Bhumyalakki Tablets Line,Beauty & Hygiene,120,120,Ayurveda,3.9,0,0,Good,Low
584,Elite Juice/Milk Mugs Collection,"Kitchen, Garden & Pets",229,280,Glassware,3,51,18.21,Good,Medium
585,Advanced Pizza Topping Line,Gourmet & World Food,139,189,"Olive, Jalapeno, Gherkin",3.9,50,26.46,Good,Low
586,Artisan Shaving Foam Range,Beauty & Hygiene,68,85,Shaving Care,2.5,17,20,Average,Low
587,Advanced Mix - Rava Dosai Line,Snacks & Branded Foods,60,60,Breakfast & Snack Mixes,4.3,0,0,Very Good,Low
588,Essential Aloe Vera - Organically grown Model,Fruits & Vegetables,40,50,Organic Vegetables,3.9,10,20,Good,Low
589,"Pro Green Tea - Mint, Good morning Selection",Beverages,75,150,Green Tea,4.5,75,50,Excellent,Low
590,Essential Bathing Soap - Cucumber & Coconut Series,Beauty & Hygiene,99.36,120,Bathing Bars & Soaps,4.2,20.64,17.2,Very Good,Low
591,Essential Imitation - Crab Sticks Style,"Eggs, Meat & Fish",195,195,Frozen Fish & Seafood,3.9,0,0,Good,Medium
592,New Generation Shot Body Spray - Royal Jade Range,Beauty & Hygiene,165.75,195,Men'S Deodorants,4.5,29.25,15,Excellent,Medium
593,Ultimate Camne Vid Collection,Beauty & Hygiene,572,572,Ayurveda,3.9,0,0,Good,High
594,Pro Madrid - Dessert Spoons Model,"Kitchen, Garden & Pets",359,510,"Cutlery, Spoon & Fork",5,151,29.61,Excellent,Medium
595,Elite Raw Chia Basil Seeds Collection,Gourmet & World Food,450,450,"Healthy, Baked Snacks",3.9,0,0,Good,Medium
596,Fusion Jalapeno Pasta Sauce 385 g + Sriracha Chilli Sauce 185 g + Hot Sauce 75 ml Range,Snacks & Branded Foods,475.2,528,Chilli & Soya Sauce,3.9,52.8,10,Good,Medium
597,"Elite Shot Body Spray - Gold, Passion Set",Beauty & Hygiene,175.5,195,Body Sprays & Mists,4.3,19.5,10,Very Good,Medium
598,Advanced Toilex With Roundy Cont.- Vf Line,Cleaning & Household,220,220,Toilet & Other Brushes,2,0,0,Average,Medium
599,"New Generation Toilet Roll - 4 Rolls, 3 ply Selection",Cleaning & Household,325,325,Toilet Paper,4.1,0,0,Very Good,Medium
600,Ultimate Pumpkin Oil - Cold Pressed Bundle,Gourmet & World Food,625,625,Flavoured & Other Oils,3.9,0,0,Good,High
601,Max Darjeeling White Teabags - Reeti Premium Pack,Beverages,525,875,Exotic & Flavoured Tea,3.9,350,40,Good,High
602,Signature Twin Bucket Spin Mop - Green - 2 Refills Set,Cleaning & Household,1150,1300,"Mops, Wipers",2.8,0,0,Average,High
603,Fusion Expanding Folder Series,Cleaning & Household,224,329,"Notebooks, Files, Folders",3.6,105,31.91,Good,Medium
604,Expert Mouthwash Liquid - Cool Mint With Mild Taste Selection,Beauty & Hygiene,220.5,245,Mouthwash,4.3,24.5,10,Very Good,Medium
605,Pro Quick Chai Masala Line,Beverages,109.2,140,Leaf & Dust Tea,3.5,30.8,22,Good,Low
606,Expert Non Alcoholic Beverage - Mango Chilli Mojito Mixer Style,Gourmet & World Food,99,99,Cocktail Mixes,3.9,0,0,Good,Low
607,Signature Intimate Lightening Serum Series,Beauty & Hygiene,750,750,Intimate Wash & Care,4,0,0,Very Good,High
608,Signature Olive Oil - Pomace Line,Gourmet & World Food,309,889,"Pure, Pomace Olive Oil",3.9,580,65.24,Good,Medium
609,Max X-Tenso Care Straight Masque Set,Beauty & Hygiene,685,685,Hair & Scalp Treatment,4,0,0,Very Good,High
610,Max Monosodium Glutamate Line,Gourmet & World Food,31.5,35,"Baking, Cake Decorations",4.5,3.5,10,Excellent,Low
611,New Generation Pomace Olive Oil Model,Gourmet & World Food,325,325,"Pure, Pomace Olive Oil",3.9,0,0,Good,Medium
612,"Artisan Puppy Dog Treat - Chicken & Liver Chunks, (Rs 25 Off ) Value Saver Pack Collection","Kitchen, Garden & Pets",465,500,Pet Meals & Treats,4.5,35,7,Excellent,Medium
613,Max Masala - Vegetable Series,"Foodgrains, Oil & Masala",43.7,46,Blended Masalas,4.1,2.3,5,Very Good,Low
614,Advanced Cheese - Mozzarella & Cheddar Premium Pack,Gourmet & World Food,240,240,International Cheese,3.9,0,0,Good,Medium
615,Advanced Baby Oil With Fruit Extracts Set,Baby Care,343.2,429,Baby Oil & Shampoo,3.9,85.8,20,Good,Medium
616,New Generation Soya Milk - Vanilla Style,"Bakery, Cakes & Dairy",77.17,105,"Flavoured, Soya Milk",4.2,27.83,26.5,Very Good,Low
617,Elite Sunlite Spray Edition,Beauty & Hygiene,475,475,Face Care,3.9,0,0,Good,Medium
618,Fusion Max Fresh New Super Plastic Lunch Box/Tiffin Box - Blue Style,"Kitchen, Garden & Pets",469,602,Lunch Boxes,4.5,133,22.09,Excellent,Medium
619,Expert Fruit Yoghurt - Mango Bundle,"Bakery, Cakes & Dairy",79,160,Yogurt & Shrikhand,4,81,50.62,Very Good,Low
620,Signature Chipotle Pepper Sauce Range,Gourmet & World Food,749,749,"Curry Paste, Coconut Milk",4.8,0,0,Excellent,High
621,Elite Dairy Milk Black Forest - Imported Model,Gourmet & World Food,350,350,International Chocolates,5,0,0,Excellent,Medium
622,Fusion Organic Brown Sugar/Sakkare Style,"Foodgrains, Oil & Masala",77,77,"Organic Sugar, Jaggery",4.1,0,0,Very Good,Low
623,Max Ready to Eat - Chicken Darbari Set,Snacks & Branded Foods,190,200,Heat & Eat Ready Meals,3.9,10,5,Good,Medium
624,Elite Nuts Hazelnuts regular Bundle,Gourmet & World Food,400,400,"Luxury Chocolates, Gifts",3,0,0,Good,Medium
625,Pro Roasted Sunflower Pumpkin & Flax Seeds Collection,Gourmet & World Food,500,500,Roasted Seeds & Nuts,4.2,0,0,Very Good,High
626,Expert Organic Paneer Series,"Bakery, Cakes & Dairy",115,125,"Paneer, Tofu & Cream",3.1,10,8,Good,Low
627,"Expert Multipurpose Plastic Basket - Laundry/Clothes, Blue, Oval Series",Cleaning & Household,149,230,"Laundry, Storage Baskets",3.6,81,35.22,Good,Low
628,"Max Man-In-Charge - Aqua Blue, Eau De Parfum Line",Beauty & Hygiene,700,700,Eau De Parfum,3.9,0,0,Good,High
629,Elite Ayurvedic Karela Powder Edition,Beauty & Hygiene,60,60,Ayurveda,3.9,0,0,Good,Low
630,Max Sweetss - Badam halwa Series,Snacks & Branded Foods,600,600,Fresh Sweets,3.9,0,0,Good,High
631,Essential Pre Shave Foam - Classic Sensitive Skin Series,Beauty & Hygiene,180,225,Shaving Care,4.3,45,20,Very Good,Medium
632,Artisan Tomato Ketchup Model,Snacks & Branded Foods,110,110,Tomato Ketchup & Sauces,4,0,0,Very Good,Low
633,Pro Premium Flat Square Plastic Container Set - Blue Edition,"Kitchen, Garden & Pets",69,115,Containers Sets,4.1,46,40,Very Good,Low
634,Fusion Lime Fresh 500 ml + Laundry San- Spring Blossom 480 ml Bundle,Cleaning & Household,303.3,363,Disinfectant Spray & Cleaners,3.9,59.7,16.45,Good,Medium
635,Fusion Touch 'N' Fresh - Wild Lavender Premium Pack,Cleaning & Household,120,120,Air Freshener,4,0,0,Very Good,Low
636,Pro Crushed Chikki Peanut Bar Series,Snacks & Branded Foods,300,300,Chikki & Gajjak,4.1,0,0,Very Good,Medium
637,"New Generation Sausage - Chicken, Cocktail Collection","Eggs, Meat & Fish",205,205,Chicken Sausages,3.9,0,0,Good,Medium
638,Pro Make Up Remover+Brightening Nigt Cream Collection,Beauty & Hygiene,869,1230,Face Care,3.9,0,0,Good,High
639,Advanced Pore Shrinking Face Pack Style,Beauty & Hygiene,299.4,499,Face Care,5,199.6,40,Excellent,Medium
640,Fusion Wafers - Vanilla & Hazelnut Range,Gourmet & World Food,67.5,75,"Cookies, Biscotti, Wafer",2.8,7.5,10,Average,Low
641,Elite Wasabi Coated Green Peas Model,Gourmet & World Food,70,70,"Healthy, Baked Snacks",3.9,0,0,Good,Low
642,New Generation Hair Spa Detoxifying Shampoo Range,Beauty & Hygiene,399,399,Shampoo & Conditioner,3.6,0,0,Good,Medium
643,Artisan Fruit Power Juice- Mixed Berries Collection,Beverages,96.8,110,Juices,3.9,13.2,12,Good,Low
644,Advanced Nilgiris Green Tea - Zoho Lemongrass Model,Beverages,200,400,Exotic & Flavoured Tea,5,200,50,Excellent,Medium
645,Max Borosilicate Glass Round Food Container With Dark Blue Lid Series,"Kitchen, Garden & Pets",239,399,Containers Sets,3.9,160,40.1,Good,Medium
646,Essential Cloth Clip Range,Cleaning & Household,240,240,"Hangers, Clips & Rope",2.8,0,0,Average,Medium
647,Fusion Original Soap Model,Beauty & Hygiene,517.5,575,Bath & Shower,4,57.5,10,Very Good,High
648,Fusion Daily Defence Instant Fairness Cream Bundle,Beauty & Hygiene,240,240,Face & Body,3.9,0,0,Good,Medium
649,Advanced Kashmiri Kahwa Green Tea Selection,Gourmet & World Food,243.75,325,Gourmet Tea & Tea Bags,3.9,81.25,25,Good,Medium
650,Essential Cookies - Atta Desi Ghee Model,"Bakery, Cakes & Dairy",37.25,149,"Bakery Biscuits, Cookies",3.9,111.75,75,Good,Low
651,Signature Biscuits - Badam Pista Premium Pack,"Bakery, Cakes & Dairy",85,99,"Bakery Biscuits, Cookies",3.9,14,14.14,Good,Low
652,Essential Gulabari Moisturising Cold Cream Range,Beauty & Hygiene,76.8,80,Face Care,4.2,3.2,4,Very Good,Low
653,"Advanced Glass Bottle With Removable Fabric Cover - Grey, BB1317 Collection","Kitchen, Garden & Pets",209,389,Water & Fridge Bottles,3.9,180,46.27,Good,Medium
654,Advanced All Time Plastic Soup Strainer - Assorted Colour Style,"Kitchen, Garden & Pets",48,52,"Strainer, Ladle, Spatula",3.7,4,7.69,Good,Low
655,"Elite Active Salt Toothpaste - Saver Pack 300 g + Mouthwash - Plax, Active Salt 250 ml Series",Beauty & Hygiene,171.5,268,Toothpaste,3.9,96.5,36.01,Good,Medium
656,"Max Baby Food with Sprouted Grains - Ragi Rich, 6+ Months, Rich in Vitamins & Minerals, No Milk Selection",Baby Care,99,99,Baby Food,4.1,0,0,Very Good,Low
657,Ultimate Biofluence Therapeutic Shampoo Collection,Beauty & Hygiene,307.5,410,Shampoo & Conditioner,3.9,102.5,25,Good,Medium
658,Essential Vitamin D3 Tablets - 5000 IU D3 Set,Beauty & Hygiene,550,550,Supplements & Proteins,3.9,0,0,Good,High
659,Essential Organic Kala Chana Edition,"Foodgrains, Oil & Masala",64,85,Organic Dals & Pulses,4,21,24.71,Very Good,Low
660,Ultimate Soya Nuts - Roasted Range,Gourmet & World Food,49,49,"Healthy, Baked Snacks",3.9,0,0,Good,Low
661,New Generation Potato Crisp Chips - Original Style,Gourmet & World Food,175,175,Nachos & Chips,3.9,0,0,Good,Medium
662,Ultimate 5 Star Oreo Chocolate Bar Range,Snacks & Branded Foods,35,35,Chocolates,4.4,0,0,Very Good,Low
663,Pro Pad Thai Noodles Range,Gourmet & World Food,210,210,Imported Noodles,4.3,0,0,Very Good,Medium
664,Fusion Xanthan Gum Style,Gourmet & World Food,90.25,95,"Baking, Cake Decorations",4,4.75,5,Very Good,Low
665,Artisan Mint Seasoning Set,"Foodgrains, Oil & Masala",59.25,79,Herbs & Seasoning,3.1,19.75,25,Good,Low
666,Artisan Cranberry Kombucha Collection,Gourmet & World Food,95,95,"Aerated, Still, Sparkling",3.9,0,0,Good,Low
667,New Generation Nomarks - Antimarks Soap For Normal Skin Series,Beauty & Hygiene,35,35,Bathing Bars & Soaps,4.4,0,0,Very Good,Low
668,Signature M1 Perfume Spray - For Men Range,Beauty & Hygiene,231,420,Men'S Deodorants,4.3,189,45,Very Good,Medium
669,"Signature Passiflora Herb Powder - Supports Low Stress, Strain & Low Blood Pressure Model",Beauty & Hygiene,295,295,Ayurveda,3.9,0,0,Good,Medium
670,New Generation Zeb Rise Wired 1200 DPI USB Optical High Precision Mouse Model,Cleaning & Household,168,229,Electronic Accessories,3.9,61,26.64,Good,Medium
671,Elite Glass Cleaner Range,Cleaning & Household,129,129,"Kitchen, Glass & Drain",3.8,0,0,Good,Low
672,Advanced Aika Snack Bowl Set Premium Pack,"Kitchen, Garden & Pets",159,245,Glassware,3.9,86,35.1,Good,Medium
673,New Generation Hyderabadi Dum Biryani Masala Collection,Gourmet & World Food,139.5,155,"Curry Paste, Coconut Milk",3.9,15.5,10,Good,Low
674,Essential Mogo Mogo Fruit Green Tea Make Brew Iced Tea or Hot Tea Set,Gourmet & World Food,449.25,599,Gourmet Tea & Tea Bags,3.9,149.75,25,Good,Medium
675,"Fusion Cat Treats - Salmon Rings, Purr-Fect Collection","Kitchen, Garden & Pets",99,99,Pet Meals & Treats,3.3,0,0,Good,Low
676,Fusion Breakfast Protein Variety Bar - Almond Coconut Bundle,Gourmet & World Food,290,290,Cereal & Granola Bars,3.8,0,0,Good,Medium
677,Expert Medium Wire Hooks Range,"Kitchen, Garden & Pets",219,249,Wall Hooks & Hangers,3.9,30,12.05,Good,Medium
678,Pro Intense Gel Lime  Fresh Collection,Cleaning & Household,175,175,Imported Cleaners,3.9,0,0,Good,Medium
679,Pro Cashew/Kaju Whole Small W320 500g + Raisins/Kishmish - Indian 500g Line,"Foodgrains, Oil & Masala",604,1000,Other Dry Fruits,3.9,0,0,Good,High
680,Max Tahini Set,"Foodgrains, Oil & Masala",260,325,Cooking Pastes,3.3,65,20,Good,Medium
681,Fusion Atta Noodles - Masala Range,Snacks & Branded Foods,80,80,Instant Noodles,4.1,0,0,Very Good,Low
682,Signature Original Deodorant For Women Edition,Beauty & Hygiene,143,220,Women'S Deodorants,4.2,77,35,Very Good,Low
683,Signature Noodles - Medium Egg Style,Snacks & Branded Foods,275,275,Instant Noodles,4,0,0,Very Good,Medium
684,Essential Happy Chef Pasta- Penne Rigate 500g +Sauce - Arrabiata 270g +Borges Olive Oil 1L Collection,Gourmet & World Food,912,1704,Pastas & Spaghetti,3.9,0,0,Good,High
685,Expert Blemishes & Acne Control Sheet Mask (Pack of 6) Edition,Beauty & Hygiene,425.73,774,Face Care,3.9,348.27,45,Good,Medium
686,"Expert Super Tight Plastic Container - Printed, Assorted Colour Bundle","Kitchen, Garden & Pets",209,342,Containers Sets,3.6,133,38.89,Good,Medium
687,Max Under Eye Gel Set,Beauty & Hygiene,505.75,595,Eye Care,2,89.25,15,Average,High
688,New Generation Dates Pickle Collection,Snacks & Branded Foods,150,150,Other Veg Pickle,4.3,0,0,Very Good,Medium
689,Fusion Instant Noodles - Pepper Crab Flavor Model,Gourmet & World Food,45,50,Imported Noodles,4.2,5,10,Very Good,Low
690,"Elite Confeito Rainbow Vermicelli, Sprinkles Premium Pack",Gourmet & World Food,128.25,135,"Baking, Cake Decorations",3,6.75,5,Good,Low
691,Artisan Aroma Oil Range,Cleaning & Household,1500,1500,Air Freshener,3.9,0,0,Good,High
692,Artisan Honey - Weight Watchers Bundle,Snacks & Branded Foods,550,550,Honey,5,0,0,Excellent,High
693,Pro Adhesive - All Fix Clear & Non Staining All Purpose Style,Cleaning & Household,66.5,70,"Scissor, Glue & Tape",4.3,3.5,5,Very Good,Low
694,Max Amaranth Grains Selection,Gourmet & World Food,147,245,Quinoa & Grains,3.9,98,40,Good,Low
695,Fusion Garlic Treat Style,Snacks & Branded Foods,90,90,Namkeen & Savoury Snacks,3.9,0,0,Good,Low
696,Max Steel Lunch/Tiffin Box With 4 Containers - 8X4 Model,"Kitchen, Garden & Pets",349,599,Steel Lunch Boxes,3.9,250,41.74,Good,Medium
697,"Artisan Disposable Bamboo Wood Skewers/Pickers - For Use With Barbecue, 8 Inch Bundle","Kitchen, Garden & Pets",99,250,Kitchen Tools & Other Accessories,3.7,151,60.4,Good,Low
698,Pro Gulab Jamun - Gol M Gol Line,Snacks & Branded Foods,230,230,"Tinned, Packed Sweets",3.6,0,0,Good,Medium
699,Advanced Aloe Vera Kanti - Body Cleanser Soap Collection,Beauty & Hygiene,15,15,Shower Gel & Body Wash,4.2,0,0,Very Good,Low
700,Artisan Refillable Gas Lighter With Flame (27.5cm) Model,"Kitchen, Garden & Pets",185,199,Lighters,3.2,14,7.04,Good,Medium
701,"Signature Garbage Bags - Compostable, 100% Corn Starch, Large, Green, Mono-Carton(24x32 Inches) Premium Pack",Cleaning & Household,450,540,Garbage Bags,4,90,16.67,Very Good,Medium
702,"Advanced Focus - Super Dog Food, For Adults Edition","Kitchen, Garden & Pets",3612.5,4250,Pet Meals & Treats,3.3,0,0,Good,High
703,New Generation Room Air Freshener Spray - Rose Garden Selection,Cleaning & Household,119.2,149,Air Freshener,4,29.8,20,Very Good,Low
704,Ultimate Toilet Cleaner Clinging Bleach Gel Collection,Cleaning & Household,225,300,Toilet Cleaners,3.5,75,25,Good,Medium
705,Ultimate Organic - Sambar Powder Range,"Foodgrains, Oil & Masala",57,60,Organic Masalas & Spices,4,3,5,Very Good,Low
706,Artisan Choco Delite Bar Premium Pack,Snacks & Branded Foods,420,420,Granola & Cereal Bars,4,0,0,Very Good,Medium
707,Elite Pain Relief Cream Edition,Beauty & Hygiene,112.5,125,Everyday Medicine,4.3,12.5,10,Very Good,Low
708,New Generation Luna Water/Juice/Whisky Tumbler Style,"Kitchen, Garden & Pets",499,684,Glassware,3.5,185,27.05,Good,Medium
709,Elite Marvel Avengers Small 304 Stainless Steel Lunch Box/Tiffin Box - HMHTLB 73357-AV Premium Pack,"Kitchen, Garden & Pets",349,399,Lunch Boxes,3.9,50,12.53,Good,Medium
710,Essential Silicone Pacifier Step 2 - Purple Flower Model,Baby Care,249,249,Soothers & Teethers,3,0,0,Good,Medium
711,Max Olive Oil Series,Beauty & Hygiene,299,299,Aromatherapy,3.9,0,0,Good,Medium
712,"Fusion Cerelac Baby Cereal with Milk - Wheat Apple, From 6-12 Months, Rich in Iron Model",Baby Care,199,199,Baby Food,4.4,0,0,Very Good,Medium
713,Signature Rockers - Chocolate laddu Bundle,Snacks & Branded Foods,299,299,Fresh Sweets,4.2,0,0,Very Good,Medium
714,Ultimate Muffin/Cup Cake - Vanilla Range,"Bakery, Cakes & Dairy",159,159,Muffins & Cup Cakes,3.9,0,0,Good,Medium
715,Elite Gunpowder Temple of Heaven Hand Rolled Green Tea Edition,Gourmet & World Food,539.1,1198,Gourmet Tea & Tea Bags,3.9,0,0,Good,High
716,Pro Cool Wind Eau De Toilette Deodorant Line,Beauty & Hygiene,223.2,279,Men'S Deodorants,3.9,55.8,20,Good,Medium
717,Max Sausage - Chicken Piri Piri Style,"Eggs, Meat & Fish",325,325,Chicken Sausages,3.9,0,0,Good,Medium
718,"Expert Kesari Shakti Kalp Chyawanprash - Immunity Booster With Gold, Silver & Saffron Series",Beauty & Hygiene,450,450,Ayurveda,3.9,0,0,Good,Medium
719,Advanced Immuniveda Golden Turmeric Milk Mix - Immunity Booster Series,Gourmet & World Food,798,798,Health Drinks,3.7,0,0,Good,High
720,"Fusion Air Freshener - Lavender Flavoured, Paper, BB1100 Line",Cleaning & Household,58,58,Air Freshener,4.3,0,0,Very Good,Low
721,Essential Edam Ball Cheese - Diced Model,Gourmet & World Food,342,380,International Cheese,3.9,38,10,Good,Medium
722,Advanced Green Chilly - Chopped Range,Fruits & Vegetables,18,22.5,Cut & Peeled Veggies,3.9,4.5,20,Good,Low
723,Essential Channa Masala Series,"Foodgrains, Oil & Masala",21,35,Powdered Spices,4.1,14,40,Very Good,Low
724,Advanced Red Pasta Sauce Collection,Snacks & Branded Foods,40,40,Breakfast & Snack Mixes,4,0,0,Very Good,Low
725,Ultimate 100% Pure Honey - Worlds No.1 Honey Brand With No Sugar Adulteration Line,Snacks & Branded Foods,138,170,Honey,4.2,32,18.82,Very Good,Low
726,Elite Disney Cinderella Princess PVC Embossed Pencil Bag - HMHTPB 72231-CIN Premium Pack,Cleaning & Household,160,199,Exam Pads & Pencil Box,1,39,19.6,Poor,Medium
727,Expert Prosto-8 Tablet Series,Beauty & Hygiene,150,150,Ayurveda,3.9,0,0,Good,Medium
728,Pro Exfoliating Walnut Scrub Premium Pack,Beauty & Hygiene,161.25,215,Face Care,4.3,53.75,25,Very Good,Medium
729,"Signature Accurate Seal Plastic Tea, Coffee, Sugar Storage Container/Canister - Blue Collection","Kitchen, Garden & Pets",129,252,Containers Sets,4,123,48.81,Very Good,Low
730,Artisan Mousepad With Gel & Wrist Support Style,Cleaning & Household,87,150,Electronic Accessories,3.9,63,42,Good,Low
731,Artisan Premium Raw Organic Holy Basil Seeds Selection,Gourmet & World Food,99,165,Roasted Seeds & Nuts,3.9,66,40,Good,Low
732,"Max Namkeen - Murku, Ribbon Set",Snacks & Branded Foods,55,55,Namkeen & Savoury Snacks,4.2,0,0,Very Good,Low
733,New Generation Organic - Green Peas/Ona Batani Range,"Foodgrains, Oil & Masala",135,199,Organic Dals & Pulses,3.9,64,32.16,Good,Low
734,Advanced Chewy Mints - Lemon Bundle,Snacks & Branded Foods,50,50,Mints & Chewing Gum,4.1,0,0,Very Good,Low
735,Advanced Plain Container Jumbo Combo Set - Blue Set,"Kitchen, Garden & Pets",469,469,Containers Sets,1,0,0,Poor,Medium
736,Pro Nacho Crisps - Cheese & Herbs Range,Gourmet & World Food,13.4,20,Nachos & Chips,4.2,6.6,33,Very Good,Low
737,Advanced Syrup - Peach Range,Gourmet & World Food,895,895,Cocktail Mixes,3.9,0,0,Good,High
738,New Generation Disney Frozen 304 Stainless Steel Lunch Box/Tiffin Box - HMWWLB 85274-FZ Premium Pack,"Kitchen, Garden & Pets",599,699,Lunch Boxes,1,100,14.31,Poor,High
739,Essential Jack Fruit Chips Collection,Snacks & Branded Foods,120,120,Namkeen & Savoury Snacks,3.9,0,0,Good,Low
740,Elite Organic Sona Masoori White Rice/Akki Model,"Foodgrains, Oil & Masala",619,875,"Organic Rice, Other Rice",3.9,256,29.26,Good,High
741,Advanced Pet Food - Variety Stix Premium Pack,"Kitchen, Garden & Pets",440,440,Pet Meals & Treats,3.9,0,0,Good,Medium
742,Max Thyme & Rosemary Hair Tonic - Scalp-cleansing Treatment Edition,Beauty & Hygiene,95,95,Ayurveda,3.9,0,0,Good,Low
743,"New Generation Deccan Gold - Premium Filter Coffee, 80:20 Blend Bundle",Beverages,100,120,Ground Coffee,4.3,20,16.67,Very Good,Low
744,Ultimate Multigrain Chips - Dahi Papdi Chaat Bundle,Snacks & Branded Foods,29.75,35,Chips & Corn Snacks,4.1,5.25,15,Very Good,Low
745,Signature Shikanji & Chaat Savoury Taste Makers Collection,Gourmet & World Food,295,295,"Herbs, Seasonings & Rubs",3.9,0,0,Good,Medium
746,New Generation Value Pack - Blueberry Almond Crisps + California Pistachio Crunch Premium Pack,Gourmet & World Food,499,499,"Healthy, Baked Snacks",3.9,0,0,Good,Medium
747,Max Sensitive - With Anti-Sensitivity & Fluoride Toothpaste Range,Beauty & Hygiene,152,160,Toothpaste,3.9,8,5,Good,Medium
748,"Artisan Bucket - Super, Green Selection",Cleaning & Household,210,210,Buckets & Mugs,3.9,0,0,Good,Medium
749,"Signature Eau De Parfum - Hydra Energy, For Men Style",Beauty & Hygiene,299.25,399,Perfume,4,99.75,25,Very Good,Medium
750,Elite Safe Sun Sun Block Cream PA+ - SPF 20 Selection,Beauty & Hygiene,142.5,190,Face Care,4,47.5,25,Very Good,Low
751,Expert Chandan Kesar Haldi Face Pack Style,Beauty & Hygiene,436.5,485,Face Care,3.9,48.5,10,Good,Medium
752,Essential Hazel Nut Model,Gourmet & World Food,455,455,Dry Fruits & Berries,3.9,0,0,Good,Medium
753,Max Pickle - Avakkai Selection,Snacks & Branded Foods,57,57,Lime & Mango Pickle,4.1,0,0,Very Good,Low
754,Expert French Lavender Oil & Rose Water Face Wash Bundle,Beauty & Hygiene,310,310,Face Care,3.1,0,0,Good,Medium
755,Pro Green Moong//Hesaru Kaalu - Split Collection,"Foodgrains, Oil & Masala",130,160,"Toor, Channa & Moong Dal",4.2,30,18.75,Very Good,Low
756,Pro Bio Papaya Scrub Wash Set,Beauty & Hygiene,202.5,270,Face Care,4.1,67.5,25,Very Good,Medium
757,"Pro Organic Red Gram/Tur Dal - Split, Skinned Premium Pack","Foodgrains, Oil & Masala",135,135,Urad & Other Dals,4,0,0,Very Good,Low
758,"New Generation Clothes Storage Laundry Bag - Text Printed, Blue, BB-549 Line",Cleaning & Household,519,528,"Laundry, Storage Baskets",4,9,1.7,Very Good,High
759,Max Ramen Noodle Soup - Kimchi Premium Pack,Gourmet & World Food,110,110,Imported Noodles,4.2,0,0,Very Good,Low
760,Artisan Eyeconic Kajal Range,Beauty & Hygiene,206.25,275,Eyes,3.9,68.75,25,Good,Medium
761,Artisan Stainless Steel Water Bottle - Red BB 508 Bundle,"Kitchen, Garden & Pets",440,440,Water & Fridge Bottles,3.9,0,0,Good,Medium
762,Signature Nilgiris Green Teabags - Anicca Chamomile Style,Beverages,297.5,425,Green Tea,5,127.5,30,Excellent,Medium
763,Pro 4mm Aluminium Kadai With Handle - Silver Edition,"Kitchen, Garden & Pets",699,999,Kadai & Fry Pans,3.9,300,30.03,Good,High
764,Pro Select - Chhole Masala Set,"Foodgrains, Oil & Masala",75,75,Powdered Spices,4.5,0,0,Excellent,Low
765,Max Borosilicate Glass Round Container With Lid - Green Line,"Kitchen, Garden & Pets",249,329,Containers Sets,4.5,80,24.32,Excellent,Medium
766,Fusion Protein Bars - Peanut Cocoa Series,Gourmet & World Food,510,600,Cereal & Granola Bars,3.9,90,15,Good,High
767,Ultimate 2X French Perfume Fabric Conditioner Line,Cleaning & Household,388.08,450,"Fabric Pre, Post Wash",4.3,61.92,13.76,Very Good,Medium
768,Advanced Chilli Powder/Menasina Pudi Series,"Foodgrains, Oil & Masala",60,60,Powdered Spices,3.7,0,0,Good,Low
769,Pro Madras Sambar Powder Premium Pack,"Foodgrains, Oil & Masala",38,40,Blended Masalas,4.3,2,5,Very Good,Low
770,Max Frappuccino - Coffee Selection,Gourmet & World Food,350,350,Coffee & Pre-Mix,3.9,0,0,Good,Medium
771,Essential Cup Noodles - Italiano Collection,Snacks & Branded Foods,50,50,Cup Noodles,4,0,0,Very Good,Low
772,"Artisan Cat Care - Comfort Bowl, 32Oz GIb1010 Series","Kitchen, Garden & Pets",360,360,Pet Feeding Support,3.9,0,0,Good,Medium
773,Artisan Sylvana Whisky Glass Tumbler Set,"Kitchen, Garden & Pets",489,660,Glassware,3.9,171,25.91,Good,Medium
774,Advanced Flavoured Milk - Pista Model,"Bakery, Cakes & Dairy",96,100,"Flavoured, Soya Milk",4,4,4,Very Good,Low
775,Max India's No 1 Fluoride Free Toothpaste Style,Beauty & Hygiene,210.96,282,Toothpaste,4.3,71.04,25.19,Very Good,Medium
776,Essential Mild Cheddar - Red Portion Line,Gourmet & World Food,449,449,International Cheese,3.9,0,0,Good,Medium
777,Elite Wassup Pup Sulphate Free Puppy Shampoo Model,"Kitchen, Garden & Pets",390,390,Pet Cleaning & Grooming,3.9,0,0,Good,Medium
778,Signature Pinnacle Pride Lunch/Tiffin Kit - Yellow Bundle,"Kitchen, Garden & Pets",600,600,Lunch Boxes,3.9,0,0,Good,High
779,Ultimate Red Hot Anti Germ Mouthwash Edition,Beauty & Hygiene,185,230,Mouthwash,4.2,45,19.57,Very Good,Medium
780,Essential Premium Eau De Toilette Selection,Beauty & Hygiene,1319.4,2199,Perfume,3.9,0,0,Good,High
781,"Max Coffee Roasters - Dark Vienna Roast, French Press Set",Gourmet & World Food,450,450,Coffee & Pre-Mix,3.9,0,0,Good,Medium
782,Essential Pure Shilajit - Resin Form Style,Beauty & Hygiene,1450,1450,Supplements & Proteins,3.9,0,0,Good,High
783,Elite Pickle - Chicken Model,Snacks & Branded Foods,265,265,Non Veg Pickle,2.2,0,0,Average,Medium
784,Max Taft Ultimate Hair Lacquer Ultimately Strong 6 Series,Beauty & Hygiene,395,395,Hair & Scalp Treatment,3.7,0,0,Good,Medium
785,Signature Vinegar - Apple Cider Vinegar + Garcinia Set,Gourmet & World Food,497.17,599,Balsamic & Cider Vinegar,4.4,101.83,17,Very Good,Medium
786,Expert Baby Powder Series,Baby Care,235,235,Baby Powder,4.5,0,0,Excellent,Medium
787,Max Aloe 90% Soothing Gel Edition,Beauty & Hygiene,400,400,Face Care,1,0,0,Poor,Medium
788,New Generation Assam Tea Collection,Gourmet & World Food,80,80,Gourmet Tea & Tea Bags,3.9,0,0,Good,Low
789,Pro In-Shower Hair Removal Cream For Men & Women - Normal Skin Style,Beauty & Hygiene,450,450,Hair Removal,4.1,0,0,Very Good,Medium
790,Elite Chicken Nuggets Edition,Snacks & Branded Foods,269,269,Frozen Non-Veg Snacks,4,0,0,Very Good,Medium
791,Artisan Organic - Pumpkin Seeds/Kumbalakayi Bija Set,"Foodgrains, Oil & Masala",375,475,Organic Dry Fruits,4,100,21.05,Very Good,Medium
792,Elite Atlantic Salmon - Smoked  Presliced Collection,"Eggs, Meat & Fish",1180,1180,Frozen Fish & Seafood,3.9,0,0,Good,High
793,Artisan Evening Primrose Oil - Vegetarian Capsule (500 mg) Line,Beauty & Hygiene,295,295,Hair Oil & Serum,5,0,0,Excellent,Medium
794,Signature Beetroot - Julienne Range,Fruits & Vegetables,26,32.5,Cut & Peeled Veggies,3.9,6.5,20,Good,Low
795,"Artisan Green Tea - Tulsi, Good Morning Selection",Beverages,75,150,Green Tea,3.9,75,50,Good,Low
796,Advanced Fabric Conditioner - Rose Fresh Style,Cleaning & Household,450,450,Imported Cleaners,3,0,0,Good,Medium
797,"Elite Graphene Anion Day Use, L Style",Beauty & Hygiene,120,120,Sanitary Napkins,3.9,0,0,Good,Low
798,Pro Istanbul Juice/Whisky Glass Tumbler Set,"Kitchen, Garden & Pets",409,558,Glassware,4,149,26.7,Very Good,Medium
799,Essential Organic - White Pepper Selection,"Foodgrains, Oil & Masala",70,75,Organic Masalas & Spices,4.3,5,6.67,Very Good,Low
800,New Generation Diet Chivda Set,Snacks & Branded Foods,50,50,Namkeen & Savoury Snacks,4.2,0,0,Very Good,Low
801,Max Chilli Garlic Aioli Dip Range,Snacks & Branded Foods,160,200,Dips & Dressings,3.9,40,20,Good,Medium
802,Advanced Jasmine Heart Bath Personal Care Gift Set Bundle,Beauty & Hygiene,1600,2000,Bath Salts & Oils,3.9,0,0,Good,High
803,"Pro Loofah/Sponge Scrubber/Body - Pink, BH-064D PNK Series",Beauty & Hygiene,139,189,Bathing Accessories,3.9,50,26.46,Good,Low
804,Ultimate Safe Sun Kids Sun Block Cream - SPF 25 Series,Beauty & Hygiene,232,335,Face Care,4,103,30.75,Very Good,Medium
805,Max Pasta & Pizza Sauce - No Onion & No Garlic Selection,Snacks & Branded Foods,89,89,Mayonnaise,4.2,0,0,Very Good,Low
806,Signature Soap Case - Glory Set,Beauty & Hygiene,85,85,Bathing Accessories,5,0,0,Excellent,Low
807,New Generation Peanut Butter - Chunky Premium Pack,Gourmet & World Food,299,299,"Chocolate, Peanut Spread",4.1,0,0,Very Good,Medium
808,New Generation Skin Gel - Under Eye Model,Beauty & Hygiene,189,189,Eye Care,3,0,0,Good,Medium
809,"New Generation Honey Comb Touch Non-Stick Flat Tawa - 260 mm, Black Series","Kitchen, Garden & Pets",429,799,Tawa & Sauce Pan,3.7,370,46.31,Good,Medium
810,"Pro Face Mask - Pro Tech 95, 6 layered, Medium, MK18003 Collection",Beauty & Hygiene,249,299,Face Masks & Safety Gears,3.6,50,16.72,Good,Medium
811,Expert Hand Soap - Lavender & Chamomile Series,Beauty & Hygiene,225,225,Hand Wash & Sanitizers,5,0,0,Excellent,Medium
812,Pro Durum Wheat Pasta- Penne Rigate 500 g Carton + Pasta Sauce- Arrabbiata 400 g Jar Bundle,Gourmet & World Food,598,598,Pastas & Spaghetti,3.9,0,0,Good,High
813,Fusion Oil - Gingelly Model,"Foodgrains, Oil & Masala",279,299,Gingelly Oil,4.2,20,6.69,Very Good,Medium
814,Advanced Ragi - Whole Line,"Foodgrains, Oil & Masala",57,60,Organic Dals & Pulses,3.8,3,5,Good,Low
815,"Artisan Capsules - Shilajit Gold for Strength, Stamina & Power Set",Beauty & Hygiene,322.5,430,Ayurveda,3.9,107.5,25,Good,Medium
816,Artisan 100% Melamine 3D Soup Spoon - Blue Series,"Kitchen, Garden & Pets",264,264,Plates & Bowls,3.9,0,0,Good,Medium
817,Essential Signature Gold Dark Vanilla & Oud Wood Perfume Model,Beauty & Hygiene,360,450,Men'S Deodorants,3.6,90,20,Good,Medium
818,"Fusion Super Moist Cake Mix - Yellow, Imported Premium Pack",Gourmet & World Food,445,445,Flours & Pre-Mixes,3.9,0,0,Good,Medium
819,"Advanced Organic Pure Sweetener Blend - 1:4 Sugar Replacement Powder, Unbleached Bundle",Gourmet & World Food,499,499,Thai & Asian Sauces,3.9,0,0,Good,Medium
820,"Essential 100% Whey Protein, Rich Chocolate Range",Beauty & Hygiene,2000,2000,Supplements & Proteins,3.9,0,0,Good,High
821,Expert Chemba Puttu Podi Collection,"Foodgrains, Oil & Masala",145,145,Rice & Other Flours,4.3,0,0,Very Good,Low
822,Advanced Ratnagiri Alphonso Bundle,Beverages,114,120,Juices,3.9,6,5,Good,Low
823,Elite Water Wiper - Nano Edition,Cleaning & Household,149,149,"Mops, Wipers",2.2,0,0,Average,Low
824,New Generation Tomato Salsa Dip - Enjoy With Nacho Chips Style,Gourmet & World Food,157.5,175,"Hummus, Cheese, Salsa Dip",3.9,17.5,10,Good,Medium
825,Signature Canadian Grade A Maple Syrup Model,Gourmet & World Food,481.5,535,Honey & Maple Syrup,3.8,53.5,10,Good,Medium
826,"Signature Harippa Roasted Seeds - Pumpkin, Cheesy Onion Range",Gourmet & World Food,120,120,Roasted Seeds & Nuts,4.8,0,0,Excellent,Low
827,Advanced Premium - 3 Follow-Up Formula Edition,Baby Care,595,595,Infant Formula,4.5,0,0,Excellent,High
828,Expert Hand Wash - Green Apple Model,Beauty & Hygiene,198,198,Hand Wash & Sanitizers,3.9,0,0,Good,Medium
829,Expert Energy Bar Hazelnut Magic 6 pcs + Energy Bar Oat & Apricot 6 pcs Selection,Snacks & Branded Foods,600,600,Granola & Cereal Bars,3.9,0,0,Good,High
830,Ultimate Stevia Tablets Dispenser Bundle,Gourmet & World Food,120,120,Exotic Sugar & Salt,4,0,0,Very Good,Low
831,"Pro Steel Spoon set - Ice cream, Monde Selection","Kitchen, Garden & Pets",115,150,"Cutlery, Spoon & Fork",4.3,35,23.33,Very Good,Low
832,Expert My Dream For Him - Perfumed Deodorant Natural Spray Line,Beauty & Hygiene,295,295,Men'S Deodorants,3.9,0,0,Good,Medium
833,Max Imli Khajoor Chutney Style,"Foodgrains, Oil & Masala",90,90,Cooking Pastes,4.4,0,0,Very Good,Low
834,Elite Water & Juice Glass - Long Range,"Kitchen, Garden & Pets",1099,1099,Glassware,5,0,0,Excellent,High
835,Max Dry Dates/Kharjura/Chuara Style,"Foodgrains, Oil & Masala",699,699,Other Dry Fruits,4,0,0,Very Good,High
836,Essential Express Shine Sponge - Black Set,Cleaning & Household,72,72,Shoe Polish,4.2,0,0,Very Good,Low
837,"Fusion Storewell Airtight Plastic Container - Transparent, With Purple Lid Edition","Kitchen, Garden & Pets",339,769,Containers Sets,4,430,55.92,Very Good,Medium
838,Max Olive Oil - Pomace Premium Pack,Gourmet & World Food,499,499,"Pure, Pomace Olive Oil",4.3,0,0,Very Good,Medium
839,Pro Chai/100% Melamine Water/Juice Tumbler - Red Series,"Kitchen, Garden & Pets",149,192,"Cups, Mugs & Tumblers",3.8,43,22.4,Good,Low
840,Fusion 100% Green Tea Selection,Beverages,141.55,149,Green Tea,3.8,7.45,5,Good,Low
841,Elite Papad - Special Punjabi Masala Series,Snacks & Branded Foods,90,90,"Papads, Ready To Fry",3.2,0,0,Good,Low
842,"Elite Anti Viral & Anti Pollution N95 Face Mask - Tesu, Large, Assorted Selection",Beauty & Hygiene,1195,1195,Face Masks & Safety Gears,3,0,0,Good,High
843,Elite Cookies - Cashew Set,Snacks & Branded Foods,36,40,Cookies,4.1,4,10,Very Good,Low
844,"Advanced Plastic Bucket With Handle - Off Ivory, New Nova, 15400 Bundle",Cleaning & Household,307,307,Buckets & Mugs,4.4,0,0,Very Good,Medium
845,Artisan Millet Idly & Dosa Batter Bundle,Snacks & Branded Foods,100,100,Breakfast & Snack Mixes,3.9,0,0,Good,Low
846,New Generation Plastic Clip Mop - 350 Edition,Cleaning & Household,249,349,"Mops, Wipers",3.5,100,28.65,Good,Medium
847,"Ultimate Prawns, Peeled & Deveined Premium Pack","Eggs, Meat & Fish",405,699,Fresh Fish,3.9,294,42.06,Good,Medium
848,Signature Serum Vegital Perfecting Toning Lotion - For All Skin Types Style,Beauty & Hygiene,697,850,Face Care,3.9,153,18,Good,High
849,New Generation Spring Roll Sheets - 6x6 Series,Snacks & Branded Foods,100,110,Frozen Veg Snacks,4,10,9.09,Very Good,Low
850,Elite Fiesta Serving Bowl With Serving Spoon - Assorted Colour Collection,"Kitchen, Garden & Pets",349,564,Plates & Bowls,4,215,38.12,Very Good,Medium
851,"Expert Glass Water Bottle With Round Base - Yellow, B1367 Selection","Kitchen, Garden & Pets",209,499,Water & Fridge Bottles,3.9,290,58.12,Good,Medium
852,Ultimate Small Jars Set With Printed Lids Bundle,"Kitchen, Garden & Pets",109,130,Glassware,4.2,21,16.15,Very Good,Low
853,Artisan Tasty Masala Coated Peanuts Selection,Snacks & Branded Foods,105,147,Namkeen & Savoury Snacks,3.9,42,28.57,Good,Low
854,Pro Masala - Paneer Set,"Foodgrains, Oil & Masala",37.8,42,Blended Masalas,4.3,4.2,10,Very Good,Low
855,Signature Singhara Atta - Gluten Free Style,Gourmet & World Food,140,140,Flours & Pre-Mixes,3.7,0,0,Good,Low
856,"New Generation Plastic Dustbin/Garbage Bin - Green With Black, Polka Dots, Bon Bon, 12081P-M-B Range",Cleaning & Household,199,320,Dustbins,2.9,121,37.81,Average,Medium
857,"Elite Steel Storage/Lunch Container - No.14, Blue, Klip It Selection","Kitchen, Garden & Pets",219,328,Steel Storage Containers,3.8,109,33.23,Good,Medium
858,New Generation Pink/Rosa Beauty Bathing Bar Style,Beauty & Hygiene,193.5,215,Bathing Bars & Soaps,4.3,21.5,10,Very Good,Medium
859,Pro Sesame Oil - Cold Pressed Collection,Gourmet & World Food,195,195,Flavoured & Other Oils,4.8,0,0,Excellent,Medium
860,Signature Purifying Neem Facial Wipes Model,Beauty & Hygiene,150,200,Face Care,4.3,50,25,Very Good,Medium
861,Elite Fruit Juice - Mango Delight Series,Beverages,164,200,Juices,3.9,36,18,Good,Medium
862,Expert International Italian Mushroom Soup Model,Snacks & Branded Foods,58.5,65,Soups,4.2,6.5,10,Very Good,Low
863,"Pro Plates - Marine Fish, Medium Edition","Kitchen, Garden & Pets",929,1272,Glassware,4,0,0,Very Good,High
864,Fusion Pumpkin - Organically Grown Selection,Fruits & Vegetables,28,35,Organic Vegetables,3.9,7,20,Good,Low
865,Fusion Baby Wipes - Gentle Range,Baby Care,44,44,Baby Wipes,4.3,0,0,Very Good,Low
866,Fusion Face Scrub De Tan With Walnut Granules Line,Beauty & Hygiene,226,350,Face & Body,2,124,35.43,Average,Medium
867,Artisan Hazelnut Kernel Series,Gourmet & World Food,153,170,"Baking, Cake Decorations",3.9,17,10,Good,Medium
868,Pro Mutton Delicate Chops Model,"Eggs, Meat & Fish",550,550,Frozen Mutton,3.9,0,0,Good,High
869,Fusion Snail Moisture Mask Sheet Edition,Beauty & Hygiene,180,180,Face Care,3.9,0,0,Good,Medium
870,Advanced Nutri-licious Masala Veg Atta Noodles - Pouch Premium Pack,Snacks & Branded Foods,80.88,94,Instant Noodles,4.2,13.12,13.96,Very Good,Low
871,Essential Masala - Mumbai Bhaji Pav Selection,"Foodgrains, Oil & Masala",35,35,Blended Masalas,4.4,0,0,Very Good,Low
872,Artisan Squash - Sarasaparilla/Nannari/Sugandhi Root Style,Beverages,140,140,Syrups & Concentrates,2.5,0,0,Average,Low
873,Signature Pure Country Jaggery/Bella Powder Selection,"Foodgrains, Oil & Masala",97,97,Sugar & Jaggery,3.9,0,0,Good,Low
874,"Essential Steel Storage/Lunch Container - No.21, Pink, Klip It Model","Kitchen, Garden & Pets",129,199,Steel Storage Containers,2.8,70,35.18,Average,Low
875,"Signature Sanitary Pads - XL Plus Wings, Ultra Selection",Beauty & Hygiene,156.75,170,Sanitary Napkins,4.3,13.25,7.79,Very Good,Medium
876,Pro Herbal Peptide + Hyaluronic 4% Firming Serum - Complete Age Control Concentrate Range,Beauty & Hygiene,1530,1800,Face Care,3.9,0,0,Good,High
877,Advanced Agar Agar Vegetarian Gelatin Style,Gourmet & World Food,449,449,"Baking, Cake Decorations",3.5,0,0,Good,Medium
878,Artisan Green Tea - Jasmine Bundle,Beverages,166,195,Green Tea,3.9,29,14.87,Good,Medium
879,Fusion Sapphire Storage Container - Assorted Colour Range,Cleaning & Household,249,301,"Laundry, Storage Baskets",3.9,52,17.28,Good,Medium
880,Elite Secondary Class Students - Online Learning Collection,Cleaning & Household,249,256,"Notebooks, Files, Folders",3.9,7,2.73,Good,Medium
881,"Signature Apple - Green, Premium Style",Fruits & Vegetables,145,181.25,Apples & Pomegranate,3.9,36.25,20,Good,Low
882,Max 3-In-1 Conditioning Shampoo Selection,Beauty & Hygiene,225,225,Shampoo & Conditioner,4.5,0,0,Excellent,Medium
883,Expert Makhana - Himalayan Salt & Pepper Range,Gourmet & World Food,79,79,"Healthy, Baked Snacks",3.9,0,0,Good,Low
884,Artisan Gold Flash - Mosquito Repellent Combo Machine & Refill Edition,Cleaning & Household,160.2,178,Mosquito Repellent,4.2,17.8,10,Very Good,Medium
885,New Generation Maharasnadi Kwath Edition,Beauty & Hygiene,175,175,Ayurveda,3.9,0,0,Good,Medium
886,Max Aloe Face Wash Gel Model,Beauty & Hygiene,108,120,Face Care,3.8,12,10,Good,Low
887,"Signature Energy Bars - Berry, 4+ Years, 100% Natural & Healthy Style",Snacks & Branded Foods,700,700,Chocolates,3.8,0,0,Good,High
888,Essential Hot & Cold Jug - Thermo Tuff Edition,"Kitchen, Garden & Pets",349,435,"Cups, Mugs & Tumblers",3.9,86,19.77,Good,Medium
889,Fusion PP Apple Belt Edition,Gourmet & World Food,30,30,"Marshmallow, Candy, Jelly",5,0,0,Excellent,Low
890,Fusion Shade Revive Plant Based Liquid Laundry Detergent Set,Cleaning & Household,262.65,309,"Detergent Powder, Liquid",3.9,46.35,15,Good,Medium
891,Artisan Sensual - Handmade Jasmine Bathing Bar With Natural Chunks Range,Beauty & Hygiene,199,199,Bathing Bars & Soaps,2,0,0,Average,Medium
892,Max El Paso Deodorant Series,Beauty & Hygiene,150,250,Men'S Deodorants,4.7,100,40,Excellent,Medium
893,Pro Complete Detergent Washing Powder Bundle,Cleaning & Household,280,280,"Detergent Powder, Liquid",4.4,0,0,Very Good,Medium
894,Artisan Classic Chicken Delite Soup Premium Pack,Snacks & Branded Foods,49.5,55,Soups,4.3,5.5,10,Very Good,Low
895,Max Kitchen Cloth - Big Premium Pack,Cleaning & Household,99,99,Dust Cloth & Wipes,2,0,0,Average,Low
896,Pro Sugar Free Butter Cookies Selection,Snacks & Branded Foods,34,40,Cookies,4.2,6,15,Very Good,Low
897,Expert Chef Curated Marinade Pahadi Set,"Foodgrains, Oil & Masala",120,120,Blended Masalas,5,0,0,Excellent,Low
898,Advanced Pro 4 Shaving Razor for Men - Blade + Handle + Cap Set,Beauty & Hygiene,299,299,Shaving Care,3.9,0,0,Good,Medium
899,Signature Curcumin Imbued Honey Selection,Gourmet & World Food,499,499,Honey & Maple Syrup,4.6,0,0,Excellent,Medium
900,New Generation Flakes - Ragi Premium Pack,Snacks & Branded Foods,60,60,Kids Cereal,4.3,0,0,Very Good,Low
901,Signature Sports Sunscreen Lotion SPF 50 Premium Pack,Beauty & Hygiene,247,380,Face Care,3.7,133,35,Good,Medium
902,Elite Tea - Masala Vasala Line,Gourmet & World Food,449,449,Gourmet Tea & Tea Bags,3.9,0,0,Good,Medium
903,"Fusion Diabetic Care - Apple Cider Vinegar Blended With Bermuda Grass, Guava Leaf Juice & Honey Collection",Gourmet & World Food,449.1,499,Balsamic & Cider Vinegar,5,49.9,10,Excellent,Medium
904,Essential Papaya & Apricot Anti Tan Scrub Edition,Beauty & Hygiene,208,260,Face Care,3.7,52,20,Good,Medium
905,Pro Pasta - Orecchiette Premium Pack,Gourmet & World Food,325,325,Pastas & Spaghetti,3.9,0,0,Good,Medium
906,Elite Bio Green - Apple Fresh Daily Purifying Shampoo & Conditioner Style,Beauty & Hygiene,74.25,99,Shampoo & Conditioner,4.3,24.75,25,Very Good,Low
907,Signature Olive Pomace Oil Selection,Gourmet & World Food,2800,2800,"Pure, Pomace Olive Oil",2.5,0,0,Average,High
908,New Generation Green Stuffed Hot Pepper Pickle Line,Gourmet & World Food,250,250,"Jams, Marmalade, Spreads",3.9,0,0,Good,Medium
909,Ultimate Organic Basmati Rice/Basmati Akki - White Model,"Foodgrains, Oil & Masala",237.5,250,"Organic Rice, Other Rice",3.8,12.5,5,Good,Medium
910,Signature UV Away Moist Jumbo Sun Block Range,Beauty & Hygiene,1200,1200,Face Care,4.5,0,0,Excellent,High
911,"Max LED Bulb - 12 Watt, Cool White, B22 Style","Kitchen, Garden & Pets",149,269,Cfl & Led Bulbs,3.3,120,44.61,Good,Low
912,New Generation Crunchy Cinnamon Almond Butter Premium Pack,Gourmet & World Food,389,389,Butter & Cream,3.2,0,0,Good,Medium
913,Pro MaxFresh Pink Spicy Fresh Gel Toothpaste - Rajasthan Royals Special Edition Pack Selection,Beauty & Hygiene,89.25,105,Toothpaste,3.9,15.75,15,Good,Low
914,Max Elegance Deodorant - For Men Line,Beauty & Hygiene,159.2,199,Men'S Deodorants,3.9,39.8,20,Good,Medium
915,New Generation Natural Baby Wash Range,Baby Care,149,149,Baby Bath,3.9,0,0,Good,Low
916,Ultimate Bajra Pearls - Roasted Style,Gourmet & World Food,89,89,"Healthy, Baked Snacks",3.9,0,0,Good,Low
917,Fusion Tamarind/Hunisehannu Bundle,"Foodgrains, Oil & Masala",65,65,Whole Spices,3.9,0,0,Good,Low
918,Signature Kitchen Towel Paper Reusable Tissue Washable Style,Cleaning & Household,180,180,Kitchen Rolls,3.8,0,0,Good,Medium
919,Advanced Organic Bisibelebath Mix - Kodo Millet Line,Snacks & Branded Foods,115,115,Breakfast & Snack Mixes,3.9,0,0,Good,Low
920,Expert Wisal Dhabab Perfume Deodorant For Men Line,Beauty & Hygiene,225,299,Men'S Deodorants,3.8,74,24.75,Good,Medium
921,Ultimate Palakkad Red Matta Boiled Rice - Unda Style,"Foodgrains, Oil & Masala",242,350,Boiled & Steam Rice,3.9,108,30.86,Good,Medium
922,Pro Olive Vegetable Oil Selection,Beauty & Hygiene,156.75,165,Aromatherapy,3.9,8.25,5,Good,Medium
923,Advanced Hearts & Kisses For Women Model,Beauty & Hygiene,419.3,599,Eau De Toilette,3.6,179.7,30,Good,Medium
924,Ultimate Chocos - Moons & Stars Premium Pack,Snacks & Branded Foods,175,175,Kids Cereal,4.2,0,0,Very Good,Medium
925,Elite Instant Diet Popcorn - Contains Olive Oil Range,Snacks & Branded Foods,10,10,Chips & Corn Snacks,3.9,0,0,Good,Low
926,Advanced Ultra Mosquito Repellant Refill - Floral Fragrance Range,Cleaning & Household,72,72,Air Freshener,4.2,0,0,Very Good,Low
927,New Generation Con Con Corn Chips - BBQ Style,Gourmet & World Food,120,120,"Healthy, Baked Snacks",3.9,0,0,Good,Low
928,Advanced Disinfectant Surface Sanitizer Bundle,Cleaning & Household,71.1,79,Disinfectant Spray & Cleaners,3.6,7.9,10,Good,Low
929,Fusion Surekha Boiled Rice Series,"Foodgrains, Oil & Masala",228,300,Boiled & Steam Rice,3.9,72,24,Good,Medium
930,Ultimate Peri Peri Masala Line,"Foodgrains, Oil & Masala",42.24,48,Blended Masalas,3.9,5.76,12,Good,Low
931,New Generation Haldi Drops Set,Beauty & Hygiene,190,190,Ayurveda,3.9,0,0,Good,Medium
932,Pro Pasta - 37B Penne Rigate Model,Gourmet & World Food,92,115,Extra Virgin Olive Oil,2,23,20,Average,Low
933,Artisan Asafoetida Powder Set,"Foodgrains, Oil & Masala",160,160,Powdered Spices,4.2,0,0,Very Good,Medium
934,Fusion Face Wash - Blush & Glow Strawberry Gel Series,Beauty & Hygiene,153.75,205,Face Care,4.3,51.25,25,Very Good,Medium
935,Essential Blueberry Almond Crisps Style,Gourmet & World Food,225,225,"Healthy, Baked Snacks",3.9,0,0,Good,Medium
936,"Signature Toothpaste - Whitening, Cavity Protection, 150 G Edition",Beauty & Hygiene,85,100,Toothpaste,4.2,15,15,Very Good,Low
937,"Essential Bathing/Cleaning Bucket - With Plastic Handle, Mango Yellow, L1145PH-LT MY Bundle",Cleaning & Household,249,408,Buckets & Mugs,4.4,159,38.97,Very Good,Medium
938,Artisan Organic Puttu - Pearl Millet Premium Pack,Snacks & Branded Foods,68,68,Breakfast & Snack Mixes,2.3,0,0,Average,Low
939,Advanced Muesli - Gluten Free Set,Gourmet & World Food,790,790,Muesli & Rice Cakes,3.9,0,0,Good,High
940,Elite Organic Powder - Red Chilly Bundle,"Foodgrains, Oil & Masala",52.25,55,Organic Masalas & Spices,4.1,2.75,5,Very Good,Low
941,Essential Thyme Edition,"Foodgrains, Oil & Masala",79,109,Herbs & Seasoning,3.9,30,27.52,Good,Low
942,"Pro Steel Deep Dabba/Storage Container - No. 14, Plain Collection","Kitchen, Garden & Pets",329,459,Steel Storage Containers,3.9,130,28.32,Good,Medium
943,"Fusion Coco Oval Basket With Lid - Medium, Assorted Colour Edition",Cleaning & Household,159,182,"Laundry, Storage Baskets",3.9,23,12.64,Good,Medium
944,New Generation Aluminium Induction Base Flat Bottom Patila Tope Pot - Silver Style,"Kitchen, Garden & Pets",399,599,Tawa & Sauce Pan,3.9,200,33.39,Good,Medium
945,"New Generation Ultra-Fresh Fairness Face Wash With Milk, Licorice, Saffron Selection",Beauty & Hygiene,12.75,15,Face Care,2.3,2.25,15,Average,Low
946,New Generation Pickle - Prawn Selection,"Eggs, Meat & Fish",225,225,Canned Seafood,3.9,0,0,Good,Medium
947,Expert Stand & Pee Reusable Portable Urination Funnel For Women Set,Beauty & Hygiene,225.5,275,Intimate Wash & Care,2,49.5,18,Average,Medium
948,Max Original Scent - Dry Skin Moisturiser With Cherry Almond Essence Bundle,Beauty & Hygiene,449.1,499,Body Care,4.3,49.9,10,Very Good,Medium
949,Max Cookies-Choco Ripple Cookies Edition,Snacks & Branded Foods,36,40,Cookies,4.2,4,10,Very Good,Low
950,"New Generation Executive Lunch Box - Small, T Blue Style","Kitchen, Garden & Pets",390,390,Lunch Boxes,3.5,0,0,Good,Medium
951,Expert Room Freshener - Soul Blossom Jasmine Line,Cleaning & Household,149,149,Air Freshener,4.3,0,0,Very Good,Low
952,Elite Sauce - Chilli Model,Gourmet & World Food,200,200,Salad Dressings,5,0,0,Excellent,Medium
953,"Advanced Copper Water Fliptop Bottle - Hammered, Plain Selection","Kitchen, Garden & Pets",549,1299,Copper Utensils,2.3,0,0,Average,High
954,Max Himalayan Raw Apple Cider Vinegar Model,Snacks & Branded Foods,296,370,Vinegar,4.2,74,20,Very Good,Medium
955,"Expert Toothbrush - 360 Degree Flosstip, Soft Set",Beauty & Hygiene,142.5,190,Toothbrush,3.9,47.5,25,Good,Low
956,Fusion Purifying Neem Face Wash Collection,Beauty & Hygiene,63,63,Face Care,3.9,0,0,Good,Low
957,Essential Opalware Classique 2 Dinner Set - Mystrio Black Line,"Kitchen, Garden & Pets",2379,3395,Dinner Sets,3.3,0,0,Good,High
958,Essential Black Sliced Olives Premium Pack,Gourmet & World Food,180,200,"Olive, Jalapeno, Gherkin",3.8,20,10,Good,Medium
959,Fusion Diatrin Tablets - Controls Sugar Naturally Collection,Beauty & Hygiene,65,65,Ayurveda,3.9,0,0,Good,Low
960,"Max Hangable Dress Shaped Hand/Basin Towel - Cream, Bh-038 Crm Selection",Beauty & Hygiene,209,260,Bathing Accessories,3.9,51,19.62,Good,Medium
961,Elite 6 Oil Nourish Conditioner Style,Beauty & Hygiene,159,199,Shampoo & Conditioner,4.3,40,20.1,Very Good,Medium
962,"Advanced Stainless Steel  Induction Compatible Pressure Cooker - Silver, HSS10 Bundle","Kitchen, Garden & Pets",5320,5600,Pressure Cookers,3.9,0,0,Good,High
963,"Elite Chips - Potato, Masala Model",Snacks & Branded Foods,45,45,Chips & Corn Snacks,3.4,0,0,Good,Low
964,Pro Dates Powder - Natural Sweetener Collection,Baby Care,300,300,Organic Baby Food,4.6,0,0,Excellent,Medium
965,New Generation Coconut Scraper - Sleek Model,"Kitchen, Garden & Pets",199,225,Choppers & Graters,3.5,26,11.56,Good,Medium
966,Max Infant Formula Baby Food Powder - Stage 1 Series,Baby Care,715,715,Infant Formula,4.5,0,0,Excellent,High
967,Max Organic - Whole Wheat Ajwain Jaggery Teething Sticks Premium Pack,Baby Care,175,175,Organic Baby Food,3.9,0,0,Good,Medium
968,Advanced Pre Shave Foam - Classic Lemon Lime Bundle,Beauty & Hygiene,195.02,199,Shaving Care,4.2,3.98,2,Very Good,Medium
969,Elite Onion - Organically Grown Set,Fruits & Vegetables,35,43.75,Organic Vegetables,3.9,8.75,20,Good,Low
970,Advanced Cheese Spread - Asli Pepper Line,"Bakery, Cakes & Dairy",101.25,135,Cheese,4,33.75,25,Very Good,Low
971,Fusion Lollygum Style,Snacks & Branded Foods,99,125,"Toffee, Candy & Lollypop",3.7,26,20.8,Good,Low
972,Pro Pet Selo Container Set - Silver Range,"Kitchen, Garden & Pets",279,362,Containers Sets,3.6,83,22.93,Good,Medium
973,Pro Amritsari Marinade Series,"Foodgrains, Oil & Masala",51.75,69,Herbs & Seasoning,1,17.25,25,Poor,Low
974,Signature Sriracha Hot Chilli Sauce Edition,Gourmet & World Food,180,180,Thai & Asian Sauces,4,0,0,Very Good,Medium
975,Max Brightening Booster Orange Shower Gel Edition,Beauty & Hygiene,299,299,Shower Gel & Body Wash,3,0,0,Good,Medium
976,Ultimate Icecream Mix- Chocolate Collection,Gourmet & World Food,43.2,48,"Baking, Cake Decorations",4.2,4.8,10,Very Good,Low
977,Advanced Spices - Whole White Pepper Edition,Gourmet & World Food,250,250,"Herbs, Seasonings & Rubs",3,0,0,Good,Medium
978,Essential Comb - Derby Deluxe No 61 Bundle,Beauty & Hygiene,40,40,Tools & Accessories,4,0,0,Very Good,Low
979,Ultimate Scissors - Stylish Cut Premium Pack,Cleaning & Household,220,220,"Scissor, Glue & Tape",3.3,0,0,Good,Medium
980,Max Sylvana Shot Glass Tumbler Edition,"Kitchen, Garden & Pets",359,438,Glassware,3.4,79,18.04,Good,Medium
981,"Advanced Padded Lead - 1 inch, Blue Colour Edition","Kitchen, Garden & Pets",730,730,Pet Collars & Leashes,3.9,0,0,Good,High
982,Ultimate Pimple Clear & Germ Removal Face Wash Set,Beauty & Hygiene,186,249,Face Care,4.4,63,25.3,Very Good,Medium
983,Ultimate Organic Peanut Flax Chutney - Spicy Podi Flavour Premium Pack,Snacks & Branded Foods,120,130,Chutney Powder,3.7,10,7.69,Good,Low
984,Artisan Manuka Honey Multifloral Model,Gourmet & World Food,1999,1999,Honey & Maple Syrup,3.9,0,0,Good,High
985,Advanced Everfresh Morning Rose Dew Gel Blocks Range,Cleaning & Household,59,65,Air Freshener,3.7,6,9.23,Good,Low
986,Artisan Organic Tamarind/Hunisehannu Set,"Foodgrains, Oil & Masala",239,339,Organic Masalas & Spices,3.9,100,29.5,Good,Medium
987,"Essential Muffin - Rich Chocolate, Whole Wheat (Eggless) Edition","Bakery, Cakes & Dairy",289,289,Muffins & Cup Cakes,4.3,0,0,Very Good,Medium
988,Fusion Cheesy Corn Triangles Edition,Snacks & Branded Foods,152,160,Frozen Veg Snacks,3.7,8,5,Good,Medium
989,Fusion Rejuvenating Cucumber & Aloe Vera Face Pack For Skin Edition,Beauty & Hygiene,171,180,Face Care,4.5,9,5,Excellent,Medium
990,Elite Opalware Ivory Multiutility Bowl Set - Autumn Shadow Selection,"Kitchen, Garden & Pets",225,225,Plates & Bowls,3.9,0,0,Good,Medium
991,Elite Cheese Crunchy Layered Crackers Selection,"Bakery, Cakes & Dairy",140,150,"Bakery Biscuits, Cookies",4.5,10,6.67,Excellent,Low
992,Pro Kitchen & Household Daily Cleaning - Reusable Cloth Collection,Cleaning & Household,151.2,180,Dust Cloth & Wipes,3,28.8,16,Good,Medium
993,Signature Glass Water/Juice Tumbler - Summer Range,"Kitchen, Garden & Pets",439,485,Glassware,3.5,46,9.48,Good,Medium
994,Essential Pearl Whitening Peel Off Mask Set,Beauty & Hygiene,144,180,Face Care,3,36,20,Good,Low
995,Advanced Plastic Watering Can - Green Bundle,"Kitchen, Garden & Pets",599,599,Gardening Tools,3.8,0,0,Good,High
996,Artisan Lemon Grass Bundle,Fruits & Vegetables,10,12.5,Indian & Exotic Herbs,3.9,2.5,20,Good,Low
997,Essential Professional Salon Series Platinum Silver Facial Kit Style,Beauty & Hygiene,1120,1600,Face Care,5,0,0,Excellent,High
998,Signature Medium Prawns Selection,Snacks & Branded Foods,225,250,Frozen Non-Veg Snacks,3.9,25,10,Good,Medium
999,"Max Stainless Steel Spices Bottle/Holder - Silver, BB 543 Series","Kitchen, Garden & Pets",389,809,Racks & Holders,3.9,420,51.92,Good,Medium
1000,Ultimate Organic - Chana Masala Collection,"Foodgrains, Oil & Masala",65,65,Organic Masalas & Spices,4.5,0,0,Excellent,Low
1001,"Max Body Bath Loofah/Sponge/Scrubber - Double Loop Hangable - Grey, BH011GRY Style","Kitchen, Garden & Pets",219,219,Kitchen Tools & Other Accessories,3.9,0,0,Good,Medium
1002,New Generation Fibre Rich Muesli For Breakfast + Cranberry Blueberry Muesli Fibre (each 1kg) Range,Gourmet & World Food,988,1190,Muesli & Rice Cakes,3.9,0,0,Good,High
1003,Expert Immunity Booster Natural Remedial Drink Premium Pack,Gourmet & World Food,395,395,"Curry Paste, Coconut Milk",3.9,0,0,Good,Medium
1004,"Artisan Copper Bottle - Matt Finish, Duke, BBCB03 Range","Kitchen, Garden & Pets",649,1299,Copper Utensils,3.2,0,0,Good,High
1005,Ultimate Syrup Selection,Gourmet & World Food,200,200,"Chocolate, Peanut Spread",5,0,0,Excellent,Medium
1006,Essential Microfiber Multipurpose Cloth Set,Cleaning & Household,140,140,Dust Cloth & Wipes,4.1,0,0,Very Good,Low
1007,Essential Paste - Ginger & Garlic Series,"Foodgrains, Oil & Masala",68.25,75,Cooking Pastes,4.2,6.75,9,Very Good,Low
1008,Elite Sugar/Sakkare - Refined Collection,"Foodgrains, Oil & Masala",234,295,Sugar & Jaggery,4.1,61,20.68,Very Good,Medium
1009,Essential Namkeen - Lite Chiwda Set,Snacks & Branded Foods,10,10,Namkeen & Savoury Snacks,4.1,0,0,Very Good,Low
1010,Expert Men Expert White Activ Intensive Whitening Foam Line,Beauty & Hygiene,499,499,Face & Body,3,0,0,Good,Medium
1011,Advanced Shai Mix Model,"Foodgrains, Oil & Masala",131.75,155,Mukhwas,3.9,23.25,15,Good,Low
1012,Advanced Menthol Cool 500 ml + Laundry San- Fresh Linen 480 ml Series,Cleaning & Household,309.6,363,Disinfectant Spray & Cleaners,3.9,53.4,14.71,Good,Medium
1013,Expert Daily Face Care Lotion Oil Balance - Combination To Normal Skin Line,Beauty & Hygiene,117,130,Face Care,4.4,13,10,Very Good,Low
1014,Essential Nano Sun Block Sun Protective Cream Spf 60 Model,Beauty & Hygiene,455,455,Face Care,5,0,0,Excellent,Medium
1015,Fusion Women Well Being Capsules Model,Beauty & Hygiene,210,210,Supplements & Proteins,4,0,0,Very Good,Medium
1016,Ultimate Men Expert Hydra Power Duo Foam Cleanser Selection,Beauty & Hygiene,367.54,499,Face & Body,4.1,131.46,26.34,Very Good,Medium
1017,Signature Bounce Biscuits - Orange Creme Set,Snacks & Branded Foods,27,30,Cream Biscuits & Wafers,4.2,3,10,Very Good,Low
1018,Pro Organic - Parmal Rice Line,"Foodgrains, Oil & Masala",424.15,499,Organic Masalas & Spices,3.9,74.85,15,Good,Medium
1019,New Generation Chicken Classic Salami Style,"Eggs, Meat & Fish",140,140,Chicken Sausages,3.9,0,0,Good,Low
1020,Expert EDT Spray - Sport Style For Men Model,Beauty & Hygiene,595,595,Men'S Deodorants,3.9,0,0,Good,High
1021,"Signature Shot Body Spray - Absolute Series, Craze Bundle",Beauty & Hygiene,168.75,225,Women'S Deodorants,1,56.25,25,Poor,Medium
1022,New Generation W3 Perfume Spray - For Women Collection,Beauty & Hygiene,250.9,420,Women'S Deodorants,4.2,169.1,40.26,Very Good,Medium
1023,New Generation Nut Cracker Bundle,Snacks & Branded Foods,48,48,Namkeen & Savoury Snacks,5,0,0,Excellent,Low
1024,Fusion Alphabytes Selection,Snacks & Branded Foods,137.75,145,Frozen Veg Snacks,4.3,7.25,5,Very Good,Low
1025,Artisan Herbal Aloevera Neem & Basil Facial Massage Gel Collection,Beauty & Hygiene,215,215,Face Care,3.4,0,0,Good,Medium
1026,Expert Steel Lunch/Tiffin Box Set With Bag - Tiffany Selection,"Kitchen, Garden & Pets",599,900,Steel Lunch Boxes,4,301,33.44,Very Good,High
